id,name,unit,sensor
AIRCRAFT-SENSOR-AIRCRAFT-437-Fan-Rotation-Speed,Fan Rotation Speed,rpm,AIRCRAFT-SENSOR-AIRCRAFT-437
AIRCRAFT-SENSOR-AIRCRAFT-437-Oil-Pressure,Oil Pressure,bar,AIRCRAFT-SENSOR-AIRCRAFT-437
AIRCRAFT-SENSOR-AIRCRAFT-437-Oil-Temperature,Oil Temperature,°C,AIRCRAFT-SENSOR-AIRCRAFT-437
AIRCRAFT-SENSOR-AIRCRAFT-437-Vibration,Vibration,mm/s,AIRCRAFT-SENSOR-AIRCRAFT-437
AIRCRAFT-SENSOR-AIRCRAFT-438-Fan-Rotation-Speed,Fan Rotation Speed,rpm,AIRCRAFT-SENSOR-AIRCRAFT-438
AIRCRAFT-SENSOR-AIRCRAFT-438-Oil-Pressure,Oil Pressure,bar,AIRCRAFT-SENSOR-AIRCRAFT-438
AIRCRAFT-SENSOR-AIRCRAFT-438-Oil-Temperature,Oil Temperature,°C,AIRCRAFT-SENSOR-AIRCRAFT-438
AIRCRAFT-SENSOR-AIRCRAFT-438-Vibration,Vibration,mm/s,AIRCRAFT-SENSOR-AIRCRAFT-438
AIRCRAFT-SENSOR-AIRCRAFT-439-Fan-Rotation-Speed,Fan Rotation Speed,rpm,AIRCRAFT-SENSOR-AIRCRAFT-439
AIRCRAFT-SENSOR-AIRCRAFT-439-Oil-Pressure,Oil Pressure,bar,AIRCRAFT-SENSOR-AIRCRAFT-439
AIRCRAFT-SENSOR-AIRCRAFT-439-Oil-Temperature,Oil Temperature,°C,AIRCRAFT-SENSOR-AIRCRAFT-439
AIRCRAFT-SENSOR-AIRCRAFT-439-Vibration,Vibration,mm/s,AIRCRAFT-SENSOR-AIRCRAFT-439
AIRCRAFT-SENSOR-AIRCRAFT-44-Fan-Rotation-Speed,Fan Rotation Speed,rpm,AIRCRAFT-SENSOR-AIRCRAFT-44
AIRCRAFT-SENSOR-AIRCRAFT-44-Oil-Pressure,Oil Pressure,bar,AIRCRAFT-SENSOR-AIRCRAFT-44
AIRCRAFT-SENSOR-AIRCRAFT-44-Oil-Temperature,Oil Temperature,°C,AIRCRAFT-SENSOR-AIRCRAFT-44
AIRCRAFT-SENSOR-AIRCRAFT-44-Vibration,Vibration,mm/s,AIRCRAFT-SENSOR-AIRCRAFT-44
AIRCRAFT-SENSOR-AIRCRAFT-440-Fan-Rotation-Speed,Fan Rotation Speed,rpm,AIRCRAFT-SENSOR-AIRCRAFT-440
AIRCRAFT-SENSOR-AIRCRAFT-440-Oil-Pressure,Oil Pressure,bar,AIRCRAFT-SENSOR-AIRCRAFT-440
AIRCRAFT-SENSOR-AIRCRAFT-440-Oil-Temperature,Oil Temperature,°C,AIRCRAFT-SENSOR-AIRCRAFT-440
AIRCRAFT-SENSOR-AIRCRAFT-440-Vibration,Vibration,mm/s,AIRCRAFT-SENSOR-AIRCRAFT-440
AIRCRAFT-SENSOR-AIRCRAFT-441-Fan-Rotation-Speed,Fan Rotation Speed,rpm,AIRCRAFT-SENSOR-AIRCRAFT-441
AIRCRAFT-SENSOR-AIRCRAFT-441-Oil-Pressure,Oil Pressure,bar,AIRCRAFT-SENSOR-AIRCRAFT-441
AIRCRAFT-SENSOR-AIRCRAFT-441-Oil-Temperature,Oil Temperature,°C,AIRCRAFT-SENSOR-AIRCRAFT-441
AIRCRAFT-SENSOR-AIRCRAFT-441-Vibration,Vibration,mm/s,AIRCRAFT-SENSOR-AIRCRAFT-441
AIRCRAFT-SENSOR-AIRCRAFT-442-Fan-Rotation-Speed,Fan Rotation Speed,rpm,AIRCRAFT-SENSOR-AIRCRAFT-442
AIRCRAFT-SENSOR-AIRCRAFT-442-Oil-Pressure,Oil Pressure,bar,AIRCRAFT-SENSOR-AIRCRAFT-442
AIRCRAFT-SENSOR-AIRCRAFT-442-Oil-Temperature,Oil Temperature,°C,AIRCRAFT-SENSOR-AIRCRAFT-442
AIRCRAFT-SENSOR-AIRCRAFT-442-Vibration,Vibration,mm/s,AIRCRAFT-SENSOR-AIRCRAFT-442
AIRCRAFT-SENSOR-AIRCRAFT-443-Fan-Rotation-Speed,Fan Rotation Speed,rpm,AIRCRAFT-SENSOR-AIRCRAFT-443
AIRCRAFT-SENSOR-AIRCRAFT-443-Oil-Pressure,Oil Pressure,bar,AIRCRAFT-SENSOR-AIRCRAFT-443
AIRCRAFT-SENSOR-AIRCRAFT-443-Oil-Temperature,Oil Temperature,°C,AIRCRAFT-SENSOR-AIRCRAFT-443
AIRCRAFT-SENSOR-AIRCRAFT-443-Vibration,Vibration,mm/s,AIRCRAFT-SENSOR-AIRCRAFT-443
AIRCRAFT-SENSOR-AIRCRAFT-444-Fan-Rotation-Speed,Fan Rotation Speed,rpm,AIRCRAFT-SENSOR-AIRCRAFT-444
AIRCRAFT-SENSOR-AIRCRAFT-444-Oil-Pressure,Oil Pressure,bar,AIRCRAFT-SENSOR-AIRCRAFT-444
AIRCRAFT-SENSOR-AIRCRAFT-444-Oil-Temperature,Oil Temperature,°C,AIRCRAFT-SENSOR-AIRCRAFT-444
AIRCRAFT-SENSOR-AIRCRAFT-444-Vibration,Vibration,mm/s,AIRCRAFT-SENSOR-AIRCRAFT-444
AIRCRAFT-SENSOR-AIRCRAFT-445-Fan-Rotation-Speed,Fan Rotation Speed,rpm,AIRCRAFT-SENSOR-AIRCRAFT-445
AIRCRAFT-SENSOR-AIRCRAFT-445-Oil-Pressure,Oil Pressure,bar,AIRCRAFT-SENSOR-AIRCRAFT-445
AIRCRAFT-SENSOR-AIRCRAFT-445-Oil-Temperature,Oil Temperature,°C,AIRCRAFT-SENSOR-AIRCRAFT-445
AIRCRAFT-SENSOR-AIRCRAFT-445-Vibration,Vibration,mm/s,AIRCRAFT-SENSOR-AIRCRAFT-445
AIRCRAFT-SENSOR-AIRCRAFT-446-Fan-Rotation-Speed,Fan Rotation Speed,rpm,AIRCRAFT-SENSOR-AIRCRAFT-446
AIRCRAFT-SENSOR-AIRCRAFT-446-Oil-Pressure,Oil Pressure,bar,AIRCRAFT-SENSOR-AIRCRAFT-446
AIRCRAFT-SENSOR-AIRCRAFT-446-Oil-Temperature,Oil Temperature,°C,AIRCRAFT-SENSOR-AIRCRAFT-446
AIRCRAFT-SENSOR-AIRCRAFT-446-Vibration,Vibration,mm/s,AIRCRAFT-SENSOR-AIRCRAFT-446
AIRCRAFT-SENSOR-AIRCRAFT-447-Fan-Rotation-Speed,Fan Rotation Speed,rpm,AIRCRAFT-SENSOR-AIRCRAFT-447
AIRCRAFT-SENSOR-AIRCRAFT-447-Oil-Pressure,Oil Pressure,bar,AIRCRAFT-SENSOR-AIRCRAFT-447
AIRCRAFT-SENSOR-AIRCRAFT-447-Oil-Temperature,Oil Temperature,°C,AIRCRAFT-SENSOR-AIRCRAFT-447
AIRCRAFT-SENSOR-AIRCRAFT-447-Vibration,Vibration,mm/s,AIRCRAFT-SENSOR-AIRCRAFT-447
AIRCRAFT-SENSOR-AIRCRAFT-448-Fan-Rotation-Speed,Fan Rotation Speed,rpm,AIRCRAFT-SENSOR-AIRCRAFT-448
AIRCRAFT-SENSOR-AIRCRAFT-448-Oil-Pressure,Oil Pressure,bar,AIRCRAFT-SENSOR-AIRCRAFT-448
AIRCRAFT-SENSOR-AIRCRAFT-448-Oil-Temperature,Oil Temperature,°C,AIRCRAFT-SENSOR-AIRCRAFT-448
AIRCRAFT-SENSOR-AIRCRAFT-448-Vibration,Vibration,mm/s,AIRCRAFT-SENSOR-AIRCRAFT-448
AIRCRAFT-SENSOR-AIRCRAFT-449-Fan-Rotation-Speed,Fan Rotation Speed,rpm,AIRCRAFT-SENSOR-AIRCRAFT-449
AIRCRAFT-SENSOR-AIRCRAFT-449-Oil-Pressure,Oil Pressure,bar,AIRCRAFT-SENSOR-AIRCRAFT-449
AIRCRAFT-SENSOR-AIRCRAFT-449-Oil-Temperature,Oil Temperature,°C,AIRCRAFT-SENSOR-AIRCRAFT-449
AIRCRAFT-SENSOR-AIRCRAFT-449-Vibration,Vibration,mm/s,AIRCRAFT-SENSOR-AIRCRAFT-449
AIRCRAFT-SENSOR-AIRCRAFT-45-Fan-Rotation-Speed,Fan Rotation Speed,rpm,AIRCRAFT-SENSOR-AIRCRAFT-45
AIRCRAFT-SENSOR-AIRCRAFT-45-Oil-Pressure,Oil Pressure,bar,AIRCRAFT-SENSOR-AIRCRAFT-45
AIRCRAFT-SENSOR-AIRCRAFT-45-Oil-Temperature,Oil Temperature,°C,AIRCRAFT-SENSOR-AIRCRAFT-45
AIRCRAFT-SENSOR-AIRCRAFT-45-Vibration,Vibration,mm/s,AIRCRAFT-SENSOR-AIRCRAFT-45
AIRCRAFT-SENSOR-AIRCRAFT-450-Fan-Rotation-Speed,Fan Rotation Speed,rpm,AIRCRAFT-SENSOR-AIRCRAFT-450
AIRCRAFT-SENSOR-AIRCRAFT-450-Oil-Pressure,Oil Pressure,bar,AIRCRAFT-SENSOR-AIRCRAFT-450
AIRCRAFT-SENSOR-AIRCRAFT-450-Oil-Temperature,Oil Temperature,°C,AIRCRAFT-SENSOR-AIRCRAFT-450
AIRCRAFT-SENSOR-AIRCRAFT-450-Vibration,Vibration,mm/s,AIRCRAFT-SENSOR-AIRCRAFT-450
AIRCRAFT-SENSOR-AIRCRAFT-451-Fan-Rotation-Speed,Fan Rotation Speed,rpm,AIRCRAFT-SENSOR-AIRCRAFT-451
AIRCRAFT-SENSOR-AIRCRAFT-451-Oil-Pressure,Oil Pressure,bar,AIRCRAFT-SENSOR-AIRCRAFT-451
AIRCRAFT-SENSOR-AIRCRAFT-451-Oil-Temperature,Oil Temperature,°C,AIRCRAFT-SENSOR-AIRCRAFT-451
AIRCRAFT-SENSOR-AIRCRAFT-451-Vibration,Vibration,mm/s,AIRCRAFT-SENSOR-AIRCRAFT-451
AIRCRAFT-SENSOR-AIRCRAFT-452-Fan-Rotation-Speed,Fan Rotation Speed,rpm,AIRCRAFT-SENSOR-AIRCRAFT-452
AIRCRAFT-SENSOR-AIRCRAFT-452-Oil-Pressure,Oil Pressure,bar,AIRCRAFT-SENSOR-AIRCRAFT-452
AIRCRAFT-SENSOR-AIRCRAFT-452-Oil-Temperature,Oil Temperature,°C,AIRCRAFT-SENSOR-AIRCRAFT-452
AIRCRAFT-SENSOR-AIRCRAFT-452-Vibration,Vibration,mm/s,AIRCRAFT-SENSOR-AIRCRAFT-452
AIRCRAFT-SENSOR-AIRCRAFT-453-Fan-Rotation-Speed,Fan Rotation Speed,rpm,AIRCRAFT-SENSOR-AIRCRAFT-453
AIRCRAFT-SENSOR-AIRCRAFT-453-Oil-Pressure,Oil Pressure,bar,AIRCRAFT-SENSOR-AIRCRAFT-453
AIRCRAFT-SENSOR-AIRCRAFT-453-Oil-Temperature,Oil Temperature,°C,AIRCRAFT-SENSOR-AIRCRAFT-453
AIRCRAFT-SENSOR-AIRCRAFT-453-Vibration,Vibration,mm/s,AIRCRAFT-SENSOR-AIRCRAFT-453
AIRCRAFT-SENSOR-AIRCRAFT-454-Fan-Rotation-Speed,Fan Rotation Speed,rpm,AIRCRAFT-SENSOR-AIRCRAFT-454
AIRCRAFT-SENSOR-AIRCRAFT-454-Oil-Pressure,Oil Pressure,bar,AIRCRAFT-SENSOR-AIRCRAFT-454
AIRCRAFT-SENSOR-AIRCRAFT-454-Oil-Temperature,Oil Temperature,°C,AIRCRAFT-SENSOR-AIRCRAFT-454
AIRCRAFT-SENSOR-AIRCRAFT-454-Vibration,Vibration,mm/s,AIRCRAFT-SENSOR-AIRCRAFT-454
AIRCRAFT-SENSOR-AIRCRAFT-455-Fan-Rotation-Speed,Fan Rotation Speed,rpm,AIRCRAFT-SENSOR-AIRCRAFT-455
AIRCRAFT-SENSOR-AIRCRAFT-455-Oil-Pressure,Oil Pressure,bar,AIRCRAFT-SENSOR-AIRCRAFT-455
AIRCRAFT-SENSOR-AIRCRAFT-455-Oil-Temperature,Oil Temperature,°C,AIRCRAFT-SENSOR-AIRCRAFT-455
AIRCRAFT-SENSOR-AIRCRAFT-455-Vibration,Vibration,mm/s,AIRCRAFT-SENSOR-AIRCRAFT-455
AIRCRAFT-SENSOR-AIRCRAFT-456-Fan-Rotation-Speed,Fan Rotation Speed,rpm,AIRCRAFT-SENSOR-AIRCRAFT-456
AIRCRAFT-SENSOR-AIRCRAFT-456-Oil-Pressure,Oil Pressure,bar,AIRCRAFT-SENSOR-AIRCRAFT-456
AIRCRAFT-SENSOR-AIRCRAFT-456-Oil-Temperature,Oil Temperature,°C,AIRCRAFT-SENSOR-AIRCRAFT-456
AIRCRAFT-SENSOR-AIRCRAFT-456-Vibration,Vibration,mm/s,AIRCRAFT-SENSOR-AIRCRAFT-456
AIRCRAFT-SENSOR-AIRCRAFT-457-Fan-Rotation-Speed,Fan Rotation Speed,rpm,AIRCRAFT-SENSOR-AIRCRAFT-457
AIRCRAFT-SENSOR-AIRCRAFT-457-Oil-Pressure,Oil Pressure,bar,AIRCRAFT-SENSOR-AIRCRAFT-457
AIRCRAFT-SENSOR-AIRCRAFT-457-Oil-Temperature,Oil Temperature,°C,AIRCRAFT-SENSOR-AIRCRAFT-457
AIRCRAFT-SENSOR-AIRCRAFT-457-Vibration,Vibration,mm/s,AIRCRAFT-SENSOR-AIRCRAFT-457
AIRCRAFT-SENSOR-AIRCRAFT-458-Fan-Rotation-Speed,Fan Rotation Speed,rpm,AIRCRAFT-SENSOR-AIRCRAFT-458
AIRCRAFT-SENSOR-AIRCRAFT-458-Oil-Pressure,Oil Pressure,bar,AIRCRAFT-SENSOR-AIRCRAFT-458
AIRCRAFT-SENSOR-AIRCRAFT-458-Oil-Temperature,Oil Temperature,°C,AIRCRAFT-SENSOR-AIRCRAFT-458
AIRCRAFT-SENSOR-AIRCRAFT-458-Vibration,Vibration,mm/s,AIRCRAFT-SENSOR-AIRCRAFT-458
AIRCRAFT-SENSOR-AIRCRAFT-459-Fan-Rotation-Speed,Fan Rotation Speed,rpm,AIRCRAFT-SENSOR-AIRCRAFT-459
AIRCRAFT-SENSOR-AIRCRAFT-459-Oil-Pressure,Oil Pressure,bar,AIRCRAFT-SENSOR-AIRCRAFT-459
AIRCRAFT-SENSOR-AIRCRAFT-459-Oil-Temperature,Oil Temperature,°C,AIRCRAFT-SENSOR-AIRCRAFT-459
AIRCRAFT-SENSOR-AIRCRAFT-459-Vibration,Vibration,mm/s,AIRCRAFT-SENSOR-AIRCRAFT-459
AIRCRAFT-SENSOR-AIRCRAFT-46-Fan-Rotation-Speed,Fan Rotation Speed,rpm,AIRCRAFT-SENSOR-AIRCRAFT-46
AIRCRAFT-SENSOR-AIRCRAFT-46-Oil-Pressure,Oil Pressure,bar,AIRCRAFT-SENSOR-AIRCRAFT-46
AIRCRAFT-SENSOR-AIRCRAFT-46-Oil-Temperature,Oil Temperature,°C,AIRCRAFT-SENSOR-AIRCRAFT-46
AIRCRAFT-SENSOR-AIRCRAFT-46-Vibration,Vibration,mm/s,AIRCRAFT-SENSOR-AIRCRAFT-46
AIRCRAFT-SENSOR-AIRCRAFT-460-Fan-Rotation-Speed,Fan Rotation Speed,rpm,AIRCRAFT-SENSOR-AIRCRAFT-460
AIRCRAFT-SENSOR-AIRCRAFT-460-Oil-Pressure,Oil Pressure,bar,AIRCRAFT-SENSOR-AIRCRAFT-460
AIRCRAFT-SENSOR-AIRCRAFT-460-Oil-Temperature,Oil Temperature,°C,AIRCRAFT-SENSOR-AIRCRAFT-460
AIRCRAFT-SENSOR-AIRCRAFT-460-Vibration,Vibration,mm/s,AIRCRAFT-SENSOR-AIRCRAFT-460
AIRCRAFT-SENSOR-AIRCRAFT-461-Fan-Rotation-Speed,Fan Rotation Speed,rpm,AIRCRAFT-SENSOR-AIRCRAFT-461
AIRCRAFT-SENSOR-AIRCRAFT-461-Oil-Pressure,Oil Pressure,bar,AIRCRAFT-SENSOR-AIRCRAFT-461
AIRCRAFT-SENSOR-AIRCRAFT-461-Oil-Temperature,Oil Temperature,°C,AIRCRAFT-SENSOR-AIRCRAFT-461
AIRCRAFT-SENSOR-AIRCRAFT-461-Vibration,Vibration,mm/s,AIRCRAFT-SENSOR-AIRCRAFT-461
AIRCRAFT-SENSOR-AIRCRAFT-462-Fan-Rotation-Speed,Fan Rotation Speed,rpm,AIRCRAFT-SENSOR-AIRCRAFT-462
AIRCRAFT-SENSOR-AIRCRAFT-462-Oil-Pressure,Oil Pressure,bar,AIRCRAFT-SENSOR-AIRCRAFT-462
AIRCRAFT-SENSOR-AIRCRAFT-462-Oil-Temperature,Oil Temperature,°C,AIRCRAFT-SENSOR-AIRCRAFT-462
AIRCRAFT-SENSOR-AIRCRAFT-462-Vibration,Vibration,mm/s,AIRCRAFT-SENSOR-AIRCRAFT-462
AIRCRAFT-SENSOR-AIRCRAFT-463-Fan-Rotation-Speed,Fan Rotation Speed,rpm,AIRCRAFT-SENSOR-AIRCRAFT-463
AIRCRAFT-SENSOR-AIRCRAFT-463-Oil-Pressure,Oil Pressure,bar,AIRCRAFT-SENSOR-AIRCRAFT-463
AIRCRAFT-SENSOR-AIRCRAFT-463-Oil-Temperature,Oil Temperature,°C,AIRCRAFT-SENSOR-AIRCRAFT-463
AIRCRAFT-SENSOR-AIRCRAFT-463-Vibration,Vibration,mm/s,AIRCRAFT-SENSOR-AIRCRAFT-463
AIRCRAFT-SENSOR-AIRCRAFT-464-Fan-Rotation-Speed,Fan Rotation Speed,rpm,AIRCRAFT-SENSOR-AIRCRAFT-464
AIRCRAFT-SENSOR-AIRCRAFT-464-Oil-Pressure,Oil Pressure,bar,AIRCRAFT-SENSOR-AIRCRAFT-464
AIRCRAFT-SENSOR-AIRCRAFT-464-Oil-Temperature,Oil Temperature,°C,AIRCRAFT-SENSOR-AIRCRAFT-464
AIRCRAFT-SENSOR-AIRCRAFT-464-Vibration,Vibration,mm/s,AIRCRAFT-SENSOR-AIRCRAFT-464
AIRCRAFT-SENSOR-AIRCRAFT-465-Fan-Rotation-Speed,Fan Rotation Speed,rpm,AIRCRAFT-SENSOR-AIRCRAFT-465
AIRCRAFT-SENSOR-AIRCRAFT-465-Oil-Pressure,Oil Pressure,bar,AIRCRAFT-SENSOR-AIRCRAFT-465
AIRCRAFT-SENSOR-AIRCRAFT-465-Oil-Temperature,Oil Temperature,°C,AIRCRAFT-SENSOR-AIRCRAFT-465
AIRCRAFT-SENSOR-AIRCRAFT-465-Vibration,Vibration,mm/s,AIRCRAFT-SENSOR-AIRCRAFT-465
AIRCRAFT-SENSOR-AIRCRAFT-466-Fan-Rotation-Speed,Fan Rotation Speed,rpm,AIRCRAFT-SENSOR-AIRCRAFT-466
AIRCRAFT-SENSOR-AIRCRAFT-466-Oil-Pressure,Oil Pressure,bar,AIRCRAFT-SENSOR-AIRCRAFT-466
AIRCRAFT-SENSOR-AIRCRAFT-466-Oil-Temperature,Oil Temperature,°C,AIRCRAFT-SENSOR-AIRCRAFT-466
AIRCRAFT-SENSOR-AIRCRAFT-466-Vibration,Vibration,mm/s,AIRCRAFT-SENSOR-AIRCRAFT-466
AIRCRAFT-SENSOR-AIRCRAFT-467-Fan-Rotation-Speed,Fan Rotation Speed,rpm,AIRCRAFT-SENSOR-AIRCRAFT-467
AIRCRAFT-SENSOR-AIRCRAFT-467-Oil-Pressure,Oil Pressure,bar,AIRCRAFT-SENSOR-AIRCRAFT-467
AIRCRAFT-SENSOR-AIRCRAFT-467-Oil-Temperature,Oil Temperature,°C,AIRCRAFT-SENSOR-AIRCRAFT-467
AIRCRAFT-SENSOR-AIRCRAFT-467-Vibration,Vibration,mm/s,AIRCRAFT-SENSOR-AIRCRAFT-467
AIRCRAFT-SENSOR-AIRCRAFT-468-Fan-Rotation-Speed,Fan Rotation Speed,rpm,AIRCRAFT-SENSOR-AIRCRAFT-468
AIRCRAFT-SENSOR-AIRCRAFT-468-Oil-Pressure,Oil Pressure,bar,AIRCRAFT-SENSOR-AIRCRAFT-468
AIRCRAFT-SENSOR-AIRCRAFT-468-Oil-Temperature,Oil Temperature,°C,AIRCRAFT-SENSOR-AIRCRAFT-468
AIRCRAFT-SENSOR-AIRCRAFT-468-Vibration,Vibration,mm/s,AIRCRAFT-SENSOR-AIRCRAFT-468
AIRCRAFT-SENSOR-AIRCRAFT-469-Fan-Rotation-Speed,Fan Rotation Speed,rpm,AIRCRAFT-SENSOR-AIRCRAFT-469
AIRCRAFT-SENSOR-AIRCRAFT-469-Oil-Pressure,Oil Pressure,bar,AIRCRAFT-SENSOR-AIRCRAFT-469
AIRCRAFT-SENSOR-AIRCRAFT-469-Oil-Temperature,Oil Temperature,°C,AIRCRAFT-SENSOR-AIRCRAFT-469
AIRCRAFT-SENSOR-AIRCRAFT-469-Vibration,Vibration,mm/s,AIRCRAFT-SENSOR-AIRCRAFT-469
AIRCRAFT-SENSOR-AIRCRAFT-47-Fan-Rotation-Speed,Fan Rotation Speed,rpm,AIRCRAFT-SENSOR-AIRCRAFT-47
AIRCRAFT-SENSOR-AIRCRAFT-47-Oil-Pressure,Oil Pressure,bar,AIRCRAFT-SENSOR-AIRCRAFT-47
AIRCRAFT-SENSOR-AIRCRAFT-47-Oil-Temperature,Oil Temperature,°C,AIRCRAFT-SENSOR-AIRCRAFT-47
AIRCRAFT-SENSOR-AIRCRAFT-47-Vibration,Vibration,mm/s,AIRCRAFT-SENSOR-AIRCRAFT-47
AIRCRAFT-SENSOR-AIRCRAFT-470-Fan-Rotation-Speed,Fan Rotation Speed,rpm,AIRCRAFT-SENSOR-AIRCRAFT-470
AIRCRAFT-SENSOR-AIRCRAFT-470-Oil-Pressure,Oil Pressure,bar,AIRCRAFT-SENSOR-AIRCRAFT-470
AIRCRAFT-SENSOR-AIRCRAFT-470-Oil-Temperature,Oil Temperature,°C,AIRCRAFT-SENSOR-AIRCRAFT-470
AIRCRAFT-SENSOR-AIRCRAFT-470-Vibration,Vibration,mm/s,AIRCRAFT-SENSOR-AIRCRAFT-470
AIRCRAFT-SENSOR-AIRCRAFT-471-Fan-Rotation-Speed,Fan Rotation Speed,rpm,AIRCRAFT-SENSOR-AIRCRAFT-471
AIRCRAFT-SENSOR-AIRCRAFT-471-Oil-Pressure,Oil Pressure,bar,AIRCRAFT-SENSOR-AIRCRAFT-471
AIRCRAFT-SENSOR-AIRCRAFT-471-Oil-Temperature,Oil Temperature,°C,AIRCRAFT-SENSOR-AIRCRAFT-471
AIRCRAFT-SENSOR-AIRCRAFT-471-Vibration,Vibration,mm/s,AIRCRAFT-SENSOR-AIRCRAFT-471
AIRCRAFT-SENSOR-AIRCRAFT-472-Fan-Rotation-Speed,Fan Rotation Speed,rpm,AIRCRAFT-SENSOR-AIRCRAFT-472
AIRCRAFT-SENSOR-AIRCRAFT-472-Oil-Pressure,Oil Pressure,bar,AIRCRAFT-SENSOR-AIRCRAFT-472
AIRCRAFT-SENSOR-AIRCRAFT-472-Oil-Temperature,Oil Temperature,°C,AIRCRAFT-SENSOR-AIRCRAFT-472
AIRCRAFT-SENSOR-AIRCRAFT-472-Vibration,Vibration,mm/s,AIRCRAFT-SENSOR-AIRCRAFT-472
AIRCRAFT-SENSOR-AIRCRAFT-473-Fan-Rotation-Speed,Fan Rotation Speed,rpm,AIRCRAFT-SENSOR-AIRCRAFT-473
AIRCRAFT-SENSOR-AIRCRAFT-473-Oil-Pressure,Oil Pressure,bar,AIRCRAFT-SENSOR-AIRCRAFT-473
AIRCRAFT-SENSOR-AIRCRAFT-473-Oil-Temperature,Oil Temperature,°C,AIRCRAFT-SENSOR-AIRCRAFT-473
AIRCRAFT-SENSOR-AIRCRAFT-473-Vibration,Vibration,mm/s,AIRCRAFT-SENSOR-AIRCRAFT-473
AIRCRAFT-SENSOR-AIRCRAFT-474-Fan-Rotation-Speed,Fan Rotation Speed,rpm,AIRCRAFT-SENSOR-AIRCRAFT-474
AIRCRAFT-SENSOR-AIRCRAFT-474-Oil-Pressure,Oil Pressure,bar,AIRCRAFT-SENSOR-AIRCRAFT-474
AIRCRAFT-SENSOR-AIRCRAFT-474-Oil-Temperature,Oil Temperature,°C,AIRCRAFT-SENSOR-AIRCRAFT-474
AIRCRAFT-SENSOR-AIRCRAFT-474-Vibration,Vibration,mm/s,AIRCRAFT-SENSOR-AIRCRAFT-474
AIRCRAFT-SENSOR-AIRCRAFT-475-Fan-Rotation-Speed,Fan Rotation Speed,rpm,AIRCRAFT-SENSOR-AIRCRAFT-475
AIRCRAFT-SENSOR-AIRCRAFT-475-Oil-Pressure,Oil Pressure,bar,AIRCRAFT-SENSOR-AIRCRAFT-475
AIRCRAFT-SENSOR-AIRCRAFT-475-Oil-Temperature,Oil Temperature,°C,AIRCRAFT-SENSOR-AIRCRAFT-475
AIRCRAFT-SENSOR-AIRCRAFT-475-Vibration,Vibration,mm/s,AIRCRAFT-SENSOR-AIRCRAFT-475
AIRCRAFT-SENSOR-AIRCRAFT-476-Fan-Rotation-Speed,Fan Rotation Speed,rpm,AIRCRAFT-SENSOR-AIRCRAFT-476
AIRCRAFT-SENSOR-AIRCRAFT-476-Oil-Pressure,Oil Pressure,bar,AIRCRAFT-SENSOR-AIRCRAFT-476
AIRCRAFT-SENSOR-AIRCRAFT-476-Oil-Temperature,Oil Temperature,°C,AIRCRAFT-SENSOR-AIRCRAFT-476
AIRCRAFT-SENSOR-AIRCRAFT-476-Vibration,Vibration,mm/s,AIRCRAFT-SENSOR-AIRCRAFT-476
AIRCRAFT-SENSOR-AIRCRAFT-477-Fan-Rotation-Speed,Fan Rotation Speed,rpm,AIRCRAFT-SENSOR-AIRCRAFT-477
AIRCRAFT-SENSOR-AIRCRAFT-477-Oil-Pressure,Oil Pressure,bar,AIRCRAFT-SENSOR-AIRCRAFT-477
AIRCRAFT-SENSOR-AIRCRAFT-477-Oil-Temperature,Oil Temperature,°C,AIRCRAFT-SENSOR-AIRCRAFT-477
AIRCRAFT-SENSOR-AIRCRAFT-477-Vibration,Vibration,mm/s,AIRCRAFT-SENSOR-AIRCRAFT-477
AIRCRAFT-SENSOR-AIRCRAFT-478-Fan-Rotation-Speed,Fan Rotation Speed,rpm,AIRCRAFT-SENSOR-AIRCRAFT-478
AIRCRAFT-SENSOR-AIRCRAFT-478-Oil-Pressure,Oil Pressure,bar,AIRCRAFT-SENSOR-AIRCRAFT-478
AIRCRAFT-SENSOR-AIRCRAFT-478-Oil-Temperature,Oil Temperature,°C,AIRCRAFT-SENSOR-AIRCRAFT-478
AIRCRAFT-SENSOR-AIRCRAFT-478-Vibration,Vibration,mm/s,AIRCRAFT-SENSOR-AIRCRAFT-478
AIRCRAFT-SENSOR-AIRCRAFT-479-Fan-Rotation-Speed,Fan Rotation Speed,rpm,AIRCRAFT-SENSOR-AIRCRAFT-479
AIRCRAFT-SENSOR-AIRCRAFT-479-Oil-Pressure,Oil Pressure,bar,AIRCRAFT-SENSOR-AIRCRAFT-479
AIRCRAFT-SENSOR-AIRCRAFT-479-Oil-Temperature,Oil Temperature,°C,AIRCRAFT-SENSOR-AIRCRAFT-479
AIRCRAFT-SENSOR-AIRCRAFT-479-Vibration,Vibration,mm/s,AIRCRAFT-SENSOR-AIRCRAFT-479
AIRCRAFT-SENSOR-AIRCRAFT-48-Fan-Rotation-Speed,Fan Rotation Speed,rpm,AIRCRAFT-SENSOR-AIRCRAFT-48
AIRCRAFT-SENSOR-AIRCRAFT-48-Oil-Pressure,Oil Pressure,bar,AIRCRAFT-SENSOR-AIRCRAFT-48
AIRCRAFT-SENSOR-AIRCRAFT-48-Oil-Temperature,Oil Temperature,°C,AIRCRAFT-SENSOR-AIRCRAFT-48
AIRCRAFT-SENSOR-AIRCRAFT-48-Vibration,Vibration,mm/s,AIRCRAFT-SENSOR-AIRCRAFT-48
AIRCRAFT-SENSOR-AIRCRAFT-480-Fan-Rotation-Speed,Fan Rotation Speed,rpm,AIRCRAFT-SENSOR-AIRCRAFT-480
AIRCRAFT-SENSOR-AIRCRAFT-480-Oil-Pressure,Oil Pressure,bar,AIRCRAFT-SENSOR-AIRCRAFT-480
AIRCRAFT-SENSOR-AIRCRAFT-480-Oil-Temperature,Oil Temperature,°C,AIRCRAFT-SENSOR-AIRCRAFT-480
AIRCRAFT-SENSOR-AIRCRAFT-480-Vibration,Vibration,mm/s,AIRCRAFT-SENSOR-AIRCRAFT-480
AIRCRAFT-SENSOR-AIRCRAFT-481-Fan-Rotation-Speed,Fan Rotation Speed,rpm,AIRCRAFT-SENSOR-AIRCRAFT-481
AIRCRAFT-SENSOR-AIRCRAFT-481-Oil-Pressure,Oil Pressure,bar,AIRCRAFT-SENSOR-AIRCRAFT-481
AIRCRAFT-SENSOR-AIRCRAFT-481-Oil-Temperature,Oil Temperature,°C,AIRCRAFT-SENSOR-AIRCRAFT-481
AIRCRAFT-SENSOR-AIRCRAFT-481-Vibration,Vibration,mm/s,AIRCRAFT-SENSOR-AIRCRAFT-481
AIRCRAFT-SENSOR-AIRCRAFT-482-Fan-Rotation-Speed,Fan Rotation Speed,rpm,AIRCRAFT-SENSOR-AIRCRAFT-482
AIRCRAFT-SENSOR-AIRCRAFT-482-Oil-Pressure,Oil Pressure,bar,AIRCRAFT-SENSOR-AIRCRAFT-482
AIRCRAFT-SENSOR-AIRCRAFT-482-Oil-Temperature,Oil Temperature,°C,AIRCRAFT-SENSOR-AIRCRAFT-482
AIRCRAFT-SENSOR-AIRCRAFT-482-Vibration,Vibration,mm/s,AIRCRAFT-SENSOR-AIRCRAFT-482
AIRCRAFT-SENSOR-AIRCRAFT-483-Fan-Rotation-Speed,Fan Rotation Speed,rpm,AIRCRAFT-SENSOR-AIRCRAFT-483
AIRCRAFT-SENSOR-AIRCRAFT-483-Oil-Pressure,Oil Pressure,bar,AIRCRAFT-SENSOR-AIRCRAFT-483
AIRCRAFT-SENSOR-AIRCRAFT-483-Oil-Temperature,Oil Temperature,°C,AIRCRAFT-SENSOR-AIRCRAFT-483
AIRCRAFT-SENSOR-AIRCRAFT-483-Vibration,Vibration,mm/s,AIRCRAFT-SENSOR-AIRCRAFT-483
AIRCRAFT-SENSOR-AIRCRAFT-484-Fan-Rotation-Speed,Fan Rotation Speed,rpm,AIRCRAFT-SENSOR-AIRCRAFT-484
AIRCRAFT-SENSOR-AIRCRAFT-484-Oil-Pressure,Oil Pressure,bar,AIRCRAFT-SENSOR-AIRCRAFT-484
AIRCRAFT-SENSOR-AIRCRAFT-484-Oil-Temperature,Oil Temperature,°C,AIRCRAFT-SENSOR-AIRCRAFT-484
AIRCRAFT-SENSOR-AIRCRAFT-484-Vibration,Vibration,mm/s,AIRCRAFT-SENSOR-AIRCRAFT-484
AIRCRAFT-SENSOR-AIRCRAFT-485-Fan-Rotation-Speed,Fan Rotation Speed,rpm,AIRCRAFT-SENSOR-AIRCRAFT-485
AIRCRAFT-SENSOR-AIRCRAFT-485-Oil-Pressure,Oil Pressure,bar,AIRCRAFT-SENSOR-AIRCRAFT-485
AIRCRAFT-SENSOR-AIRCRAFT-485-Oil-Temperature,Oil Temperature,°C,AIRCRAFT-SENSOR-AIRCRAFT-485
AIRCRAFT-SENSOR-AIRCRAFT-485-Vibration,Vibration,mm/s,AIRCRAFT-SENSOR-AIRCRAFT-485
AIRCRAFT-SENSOR-AIRCRAFT-486-Fan-Rotation-Speed,Fan Rotation Speed,rpm,AIRCRAFT-SENSOR-AIRCRAFT-486
AIRCRAFT-SENSOR-AIRCRAFT-486-Oil-Pressure,Oil Pressure,bar,AIRCRAFT-SENSOR-AIRCRAFT-486
AIRCRAFT-SENSOR-AIRCRAFT-486-Oil-Temperature,Oil Temperature,°C,AIRCRAFT-SENSOR-AIRCRAFT-486
AIRCRAFT-SENSOR-AIRCRAFT-486-Vibration,Vibration,mm/s,AIRCRAFT-SENSOR-AIRCRAFT-486
AIRCRAFT-SENSOR-AIRCRAFT-487-Fan-Rotation-Speed,Fan Rotation Speed,rpm,AIRCRAFT-SENSOR-AIRCRAFT-487
AIRCRAFT-SENSOR-AIRCRAFT-487-Oil-Pressure,Oil Pressure,bar,AIRCRAFT-SENSOR-AIRCRAFT-487
AIRCRAFT-SENSOR-AIRCRAFT-487-Oil-Temperature,Oil Temperature,°C,AIRCRAFT-SENSOR-AIRCRAFT-487
AIRCRAFT-SENSOR-AIRCRAFT-487-Vibration,Vibration,mm/s,AIRCRAFT-SENSOR-AIRCRAFT-487
AIRCRAFT-SENSOR-AIRCRAFT-488-Fan-Rotation-Speed,Fan Rotation Speed,rpm,AIRCRAFT-SENSOR-AIRCRAFT-488
AIRCRAFT-SENSOR-AIRCRAFT-488-Oil-Pressure,Oil Pressure,bar,AIRCRAFT-SENSOR-AIRCRAFT-488
AIRCRAFT-SENSOR-AIRCRAFT-488-Oil-Temperature,Oil Temperature,°C,AIRCRAFT-SENSOR-AIRCRAFT-488
AIRCRAFT-SENSOR-AIRCRAFT-488-Vibration,Vibration,mm/s,AIRCRAFT-SENSOR-AIRCRAFT-488
AIRCRAFT-SENSOR-AIRCRAFT-489-Fan-Rotation-Speed,Fan Rotation Speed,rpm,AIRCRAFT-SENSOR-AIRCRAFT-489
AIRCRAFT-SENSOR-AIRCRAFT-489-Oil-Pressure,Oil Pressure,bar,AIRCRAFT-SENSOR-AIRCRAFT-489
AIRCRAFT-SENSOR-AIRCRAFT-489-Oil-Temperature,Oil Temperature,°C,AIRCRAFT-SENSOR-AIRCRAFT-489
AIRCRAFT-SENSOR-AIRCRAFT-489-Vibration,Vibration,mm/s,AIRCRAFT-SENSOR-AIRCRAFT-489
AIRCRAFT-SENSOR-AIRCRAFT-49-Fan-Rotation-Speed,Fan Rotation Speed,rpm,AIRCRAFT-SENSOR-AIRCRAFT-49
AIRCRAFT-SENSOR-AIRCRAFT-49-Oil-Pressure,Oil Pressure,bar,AIRCRAFT-SENSOR-AIRCRAFT-49
AIRCRAFT-SENSOR-AIRCRAFT-49-Oil-Temperature,Oil Temperature,°C,AIRCRAFT-SENSOR-AIRCRAFT-49
AIRCRAFT-SENSOR-AIRCRAFT-49-Vibration,Vibration,mm/s,AIRCRAFT-SENSOR-AIRCRAFT-49
AIRCRAFT-SENSOR-AIRCRAFT-490-Fan-Rotation-Speed,Fan Rotation Speed,rpm,AIRCRAFT-SENSOR-AIRCRAFT-490
AIRCRAFT-SENSOR-AIRCRAFT-490-Oil-Pressure,Oil Pressure,bar,AIRCRAFT-SENSOR-AIRCRAFT-490
AIRCRAFT-SENSOR-AIRCRAFT-490-Oil-Temperature,Oil Temperature,°C,AIRCRAFT-SENSOR-AIRCRAFT-490
AIRCRAFT-SENSOR-AIRCRAFT-490-Vibration,Vibration,mm/s,AIRCRAFT-SENSOR-AIRCRAFT-490
AIRCRAFT-SENSOR-AIRCRAFT-491-Fan-Rotation-Speed,Fan Rotation Speed,rpm,AIRCRAFT-SENSOR-AIRCRAFT-491
AIRCRAFT-SENSOR-AIRCRAFT-491-Oil-Pressure,Oil Pressure,bar,AIRCRAFT-SENSOR-AIRCRAFT-491
AIRCRAFT-SENSOR-AIRCRAFT-491-Oil-Temperature,Oil Temperature,°C,AIRCRAFT-SENSOR-AIRCRAFT-491
AIRCRAFT-SENSOR-AIRCRAFT-491-Vibration,Vibration,mm/s,AIRCRAFT-SENSOR-AIRCRAFT-491
AIRCRAFT-SENSOR-AIRCRAFT-492-Fan-Rotation-Speed,Fan Rotation Speed,rpm,AIRCRAFT-SENSOR-AIRCRAFT-492
AIRCRAFT-SENSOR-AIRCRAFT-492-Oil-Pressure,Oil Pressure,bar,AIRCRAFT-SENSOR-AIRCRAFT-492
AIRCRAFT-SENSOR-AIRCRAFT-492-Oil-Temperature,Oil Temperature,°C,AIRCRAFT-SENSOR-AIRCRAFT-492
AIRCRAFT-SENSOR-AIRCRAFT-492-Vibration,Vibration,mm/s,AIRCRAFT-SENSOR-AIRCRAFT-492
AIRCRAFT-SENSOR-AIRCRAFT-493-Fan-Rotation-Speed,Fan Rotation Speed,rpm,AIRCRAFT-SENSOR-AIRCRAFT-493
AIRCRAFT-SENSOR-AIRCRAFT-493-Oil-Pressure,Oil Pressure,bar,AIRCRAFT-SENSOR-AIRCRAFT-493
AIRCRAFT-SENSOR-AIRCRAFT-493-Oil-Temperature,Oil Temperature,°C,AIRCRAFT-SENSOR-AIRCRAFT-493
AIRCRAFT-SENSOR-AIRCRAFT-493-Vibration,Vibration,mm/s,AIRCRAFT-SENSOR-AIRCRAFT-493
AIRCRAFT-SENSOR-AIRCRAFT-494-Fan-Rotation-Speed,Fan Rotation Speed,rpm,AIRCRAFT-SENSOR-AIRCRAFT-494
AIRCRAFT-SENSOR-AIRCRAFT-494-Oil-Pressure,Oil Pressure,bar,AIRCRAFT-SENSOR-AIRCRAFT-494
AIRCRAFT-SENSOR-AIRCRAFT-494-Oil-Temperature,Oil Temperature,°C,AIRCRAFT-SENSOR-AIRCRAFT-494
AIRCRAFT-SENSOR-AIRCRAFT-494-Vibration,Vibration,mm/s,AIRCRAFT-SENSOR-AIRCRAFT-494
AIRCRAFT-SENSOR-AIRCRAFT-495-Fan-Rotation-Speed,Fan Rotation Speed,rpm,AIRCRAFT-SENSOR-AIRCRAFT-495
AIRCRAFT-SENSOR-AIRCRAFT-495-Oil-Pressure,Oil Pressure,bar,AIRCRAFT-SENSOR-AIRCRAFT-495
AIRCRAFT-SENSOR-AIRCRAFT-495-Oil-Temperature,Oil Temperature,°C,AIRCRAFT-SENSOR-AIRCRAFT-495
AIRCRAFT-SENSOR-AIRCRAFT-495-Vibration,Vibration,mm/s,AIRCRAFT-SENSOR-AIRCRAFT-495
AIRCRAFT-SENSOR-AIRCRAFT-496-Fan-Rotation-Speed,Fan Rotation Speed,rpm,AIRCRAFT-SENSOR-AIRCRAFT-496
AIRCRAFT-SENSOR-AIRCRAFT-496-Oil-Pressure,Oil Pressure,bar,AIRCRAFT-SENSOR-AIRCRAFT-496
AIRCRAFT-SENSOR-AIRCRAFT-496-Oil-Temperature,Oil Temperature,°C,AIRCRAFT-SENSOR-AIRCRAFT-496
AIRCRAFT-SENSOR-AIRCRAFT-496-Vibration,Vibration,mm/s,AIRCRAFT-SENSOR-AIRCRAFT-496
AIRCRAFT-SENSOR-AIRCRAFT-497-Fan-Rotation-Speed,Fan Rotation Speed,rpm,AIRCRAFT-SENSOR-AIRCRAFT-497
AIRCRAFT-SENSOR-AIRCRAFT-497-Oil-Pressure,Oil Pressure,bar,AIRCRAFT-SENSOR-AIRCRAFT-497
AIRCRAFT-SENSOR-AIRCRAFT-497-Oil-Temperature,Oil Temperature,°C,AIRCRAFT-SENSOR-AIRCRAFT-497
AIRCRAFT-SENSOR-AIRCRAFT-497-Vibration,Vibration,mm/s,AIRCRAFT-SENSOR-AIRCRAFT-497
AIRCRAFT-SENSOR-AIRCRAFT-498-Fan-Rotation-Speed,Fan Rotation Speed,rpm,AIRCRAFT-SENSOR-AIRCRAFT-498
AIRCRAFT-SENSOR-AIRCRAFT-498-Oil-Pressure,Oil Pressure,bar,AIRCRAFT-SENSOR-AIRCRAFT-498
AIRCRAFT-SENSOR-AIRCRAFT-498-Oil-Temperature,Oil Temperature,°C,AIRCRAFT-SENSOR-AIRCRAFT-498
AIRCRAFT-SENSOR-AIRCRAFT-498-Vibration,Vibration,mm/s,AIRCRAFT-SENSOR-AIRCRAFT-498
AIRCRAFT-SENSOR-AIRCRAFT-499-Fan-Rotation-Speed,Fan Rotation Speed,rpm,AIRCRAFT-SENSOR-AIRCRAFT-499
AIRCRAFT-SENSOR-AIRCRAFT-499-Oil-Pressure,Oil Pressure,bar,AIRCRAFT-SENSOR-AIRCRAFT-499
AIRCRAFT-SENSOR-AIRCRAFT-499-Oil-Temperature,Oil Temperature,°C,AIRCRAFT-SENSOR-AIRCRAFT-499
AIRCRAFT-SENSOR-AIRCRAFT-499-Vibration,Vibration,mm/s,AIRCRAFT-SENSOR-AIRCRAFT-499
AIRCRAFT-SENSOR-AIRCRAFT-5-Fan-Rotation-Speed,Fan Rotation Speed,rpm,AIRCRAFT-SENSOR-AIRCRAFT-5
AIRCRAFT-SENSOR-AIRCRAFT-5-Oil-Pressure,Oil Pressure,bar,AIRCRAFT-SENSOR-AIRCRAFT-5
AIRCRAFT-SENSOR-AIRCRAFT-5-Oil-Temperature,Oil Temperature,°C,AIRCRAFT-SENSOR-AIRCRAFT-5
AIRCRAFT-SENSOR-AIRCRAFT-5-Vibration,Vibration,mm/s,AIRCRAFT-SENSOR-AIRCRAFT-5
AIRCRAFT-SENSOR-AIRCRAFT-50-Fan-Rotation-Speed,Fan Rotation Speed,rpm,AIRCRAFT-SENSOR-AIRCRAFT-50
AIRCRAFT-SENSOR-AIRCRAFT-50-Oil-Pressure,Oil Pressure,bar,AIRCRAFT-SENSOR-AIRCRAFT-50
AIRCRAFT-SENSOR-AIRCRAFT-50-Oil-Temperature,Oil Temperature,°C,AIRCRAFT-SENSOR-AIRCRAFT-50
AIRCRAFT-SENSOR-AIRCRAFT-50-Vibration,Vibration,mm/s,AIRCRAFT-SENSOR-AIRCRAFT-50
AIRCRAFT-SENSOR-AIRCRAFT-500-Fan-Rotation-Speed,Fan Rotation Speed,rpm,AIRCRAFT-SENSOR-AIRCRAFT-500
AIRCRAFT-SENSOR-AIRCRAFT-500-Oil-Pressure,Oil Pressure,bar,AIRCRAFT-SENSOR-AIRCRAFT-500
AIRCRAFT-SENSOR-AIRCRAFT-500-Oil-Temperature,Oil Temperature,°C,AIRCRAFT-SENSOR-AIRCRAFT-500
AIRCRAFT-SENSOR-AIRCRAFT-500-Vibration,Vibration,mm/s,AIRCRAFT-SENSOR-AIRCRAFT-500
AIRCRAFT-SENSOR-AIRCRAFT-51-Fan-Rotation-Speed,Fan Rotation Speed,rpm,AIRCRAFT-SENSOR-AIRCRAFT-51
AIRCRAFT-SENSOR-AIRCRAFT-51-Oil-Pressure,Oil Pressure,bar,AIRCRAFT-SENSOR-AIRCRAFT-51
AIRCRAFT-SENSOR-AIRCRAFT-51-Oil-Temperature,Oil Temperature,°C,AIRCRAFT-SENSOR-AIRCRAFT-51
AIRCRAFT-SENSOR-AIRCRAFT-51-Vibration,Vibration,mm/s,AIRCRAFT-SENSOR-AIRCRAFT-51
AIRCRAFT-SENSOR-AIRCRAFT-52-Fan-Rotation-Speed,Fan Rotation Speed,rpm,AIRCRAFT-SENSOR-AIRCRAFT-52
AIRCRAFT-SENSOR-AIRCRAFT-52-Oil-Pressure,Oil Pressure,bar,AIRCRAFT-SENSOR-AIRCRAFT-52
AIRCRAFT-SENSOR-AIRCRAFT-52-Oil-Temperature,Oil Temperature,°C,AIRCRAFT-SENSOR-AIRCRAFT-52
AIRCRAFT-SENSOR-AIRCRAFT-52-Vibration,Vibration,mm/s,AIRCRAFT-SENSOR-AIRCRAFT-52
AIRCRAFT-SENSOR-AIRCRAFT-53-Fan-Rotation-Speed,Fan Rotation Speed,rpm,AIRCRAFT-SENSOR-AIRCRAFT-53
AIRCRAFT-SENSOR-AIRCRAFT-53-Oil-Pressure,Oil Pressure,bar,AIRCRAFT-SENSOR-AIRCRAFT-53
AIRCRAFT-SENSOR-AIRCRAFT-53-Oil-Temperature,Oil Temperature,°C,AIRCRAFT-SENSOR-AIRCRAFT-53
AIRCRAFT-SENSOR-AIRCRAFT-53-Vibration,Vibration,mm/s,AIRCRAFT-SENSOR-AIRCRAFT-53
AIRCRAFT-SENSOR-AIRCRAFT-54-Fan-Rotation-Speed,Fan Rotation Speed,rpm,AIRCRAFT-SENSOR-AIRCRAFT-54
AIRCRAFT-SENSOR-AIRCRAFT-54-Oil-Pressure,Oil Pressure,bar,AIRCRAFT-SENSOR-AIRCRAFT-54
AIRCRAFT-SENSOR-AIRCRAFT-54-Oil-Temperature,Oil Temperature,°C,AIRCRAFT-SENSOR-AIRCRAFT-54
AIRCRAFT-SENSOR-AIRCRAFT-54-Vibration,Vibration,mm/s,AIRCRAFT-SENSOR-AIRCRAFT-54
AIRCRAFT-SENSOR-AIRCRAFT-55-Fan-Rotation-Speed,Fan Rotation Speed,rpm,AIRCRAFT-SENSOR-AIRCRAFT-55
AIRCRAFT-SENSOR-AIRCRAFT-55-Oil-Pressure,Oil Pressure,bar,AIRCRAFT-SENSOR-AIRCRAFT-55
AIRCRAFT-SENSOR-AIRCRAFT-55-Oil-Temperature,Oil Temperature,°C,AIRCRAFT-SENSOR-AIRCRAFT-55
AIRCRAFT-SENSOR-AIRCRAFT-55-Vibration,Vibration,mm/s,AIRCRAFT-SENSOR-AIRCRAFT-55
AIRCRAFT-SENSOR-AIRCRAFT-56-Fan-Rotation-Speed,Fan Rotation Speed,rpm,AIRCRAFT-SENSOR-AIRCRAFT-56
AIRCRAFT-SENSOR-AIRCRAFT-56-Oil-Pressure,Oil Pressure,bar,AIRCRAFT-SENSOR-AIRCRAFT-56
AIRCRAFT-SENSOR-AIRCRAFT-56-Oil-Temperature,Oil Temperature,°C,AIRCRAFT-SENSOR-AIRCRAFT-56
AIRCRAFT-SENSOR-AIRCRAFT-56-Vibration,Vibration,mm/s,AIRCRAFT-SENSOR-AIRCRAFT-56
AIRCRAFT-SENSOR-AIRCRAFT-57-Fan-Rotation-Speed,Fan Rotation Speed,rpm,AIRCRAFT-SENSOR-AIRCRAFT-57
AIRCRAFT-SENSOR-AIRCRAFT-57-Oil-Pressure,Oil Pressure,bar,AIRCRAFT-SENSOR-AIRCRAFT-57
AIRCRAFT-SENSOR-AIRCRAFT-57-Oil-Temperature,Oil Temperature,°C,AIRCRAFT-SENSOR-AIRCRAFT-57
AIRCRAFT-SENSOR-AIRCRAFT-57-Vibration,Vibration,mm/s,AIRCRAFT-SENSOR-AIRCRAFT-57
AIRCRAFT-SENSOR-AIRCRAFT-58-Fan-Rotation-Speed,Fan Rotation Speed,rpm,AIRCRAFT-SENSOR-AIRCRAFT-58
AIRCRAFT-SENSOR-AIRCRAFT-58-Oil-Pressure,Oil Pressure,bar,AIRCRAFT-SENSOR-AIRCRAFT-58
AIRCRAFT-SENSOR-AIRCRAFT-58-Oil-Temperature,Oil Temperature,°C,AIRCRAFT-SENSOR-AIRCRAFT-58
AIRCRAFT-SENSOR-AIRCRAFT-58-Vibration,Vibration,mm/s,AIRCRAFT-SENSOR-AIRCRAFT-58
AIRCRAFT-SENSOR-AIRCRAFT-59-Fan-Rotation-Speed,Fan Rotation Speed,rpm,AIRCRAFT-SENSOR-AIRCRAFT-59
AIRCRAFT-SENSOR-AIRCRAFT-59-Oil-Pressure,Oil Pressure,bar,AIRCRAFT-SENSOR-AIRCRAFT-59
AIRCRAFT-SENSOR-AIRCRAFT-59-Oil-Temperature,Oil Temperature,°C,AIRCRAFT-SENSOR-AIRCRAFT-59
AIRCRAFT-SENSOR-AIRCRAFT-59-Vibration,Vibration,mm/s,AIRCRAFT-SENSOR-AIRCRAFT-59
AIRCRAFT-SENSOR-AIRCRAFT-6-Fan-Rotation-Speed,Fan Rotation Speed,rpm,AIRCRAFT-SENSOR-AIRCRAFT-6
AIRCRAFT-SENSOR-AIRCRAFT-6-Oil-Pressure,Oil Pressure,bar,AIRCRAFT-SENSOR-AIRCRAFT-6
AIRCRAFT-SENSOR-AIRCRAFT-6-Oil-Temperature,Oil Temperature,°C,AIRCRAFT-SENSOR-AIRCRAFT-6
AIRCRAFT-SENSOR-AIRCRAFT-6-Vibration,Vibration,mm/s,AIRCRAFT-SENSOR-AIRCRAFT-6
AIRCRAFT-SENSOR-AIRCRAFT-60-Fan-Rotation-Speed,Fan Rotation Speed,rpm,AIRCRAFT-SENSOR-AIRCRAFT-60
AIRCRAFT-SENSOR-AIRCRAFT-60-Oil-Pressure,Oil Pressure,bar,AIRCRAFT-SENSOR-AIRCRAFT-60
AIRCRAFT-SENSOR-AIRCRAFT-60-Oil-Temperature,Oil Temperature,°C,AIRCRAFT-SENSOR-AIRCRAFT-60
AIRCRAFT-SENSOR-AIRCRAFT-60-Vibration,Vibration,mm/s,AIRCRAFT-SENSOR-AIRCRAFT-60
AIRCRAFT-SENSOR-AIRCRAFT-61-Fan-Rotation-Speed,Fan Rotation Speed,rpm,AIRCRAFT-SENSOR-AIRCRAFT-61
AIRCRAFT-SENSOR-AIRCRAFT-61-Oil-Pressure,Oil Pressure,bar,AIRCRAFT-SENSOR-AIRCRAFT-61
AIRCRAFT-SENSOR-AIRCRAFT-61-Oil-Temperature,Oil Temperature,°C,AIRCRAFT-SENSOR-AIRCRAFT-61
AIRCRAFT-SENSOR-AIRCRAFT-61-Vibration,Vibration,mm/s,AIRCRAFT-SENSOR-AIRCRAFT-61
AIRCRAFT-SENSOR-AIRCRAFT-62-Fan-Rotation-Speed,Fan Rotation Speed,rpm,AIRCRAFT-SENSOR-AIRCRAFT-62
AIRCRAFT-SENSOR-AIRCRAFT-62-Oil-Pressure,Oil Pressure,bar,AIRCRAFT-SENSOR-AIRCRAFT-62
AIRCRAFT-SENSOR-AIRCRAFT-62-Oil-Temperature,Oil Temperature,°C,AIRCRAFT-SENSOR-AIRCRAFT-62
AIRCRAFT-SENSOR-AIRCRAFT-62-Vibration,Vibration,mm/s,AIRCRAFT-SENSOR-AIRCRAFT-62
AIRCRAFT-SENSOR-AIRCRAFT-63-Fan-Rotation-Speed,Fan Rotation Speed,rpm,AIRCRAFT-SENSOR-AIRCRAFT-63
AIRCRAFT-SENSOR-AIRCRAFT-63-Oil-Pressure,Oil Pressure,bar,AIRCRAFT-SENSOR-AIRCRAFT-63
AIRCRAFT-SENSOR-AIRCRAFT-63-Oil-Temperature,Oil Temperature,°C,AIRCRAFT-SENSOR-AIRCRAFT-63
AIRCRAFT-SENSOR-AIRCRAFT-63-Vibration,Vibration,mm/s,AIRCRAFT-SENSOR-AIRCRAFT-63
AIRCRAFT-SENSOR-AIRCRAFT-64-Fan-Rotation-Speed,Fan Rotation Speed,rpm,AIRCRAFT-SENSOR-AIRCRAFT-64
AIRCRAFT-SENSOR-AIRCRAFT-64-Oil-Pressure,Oil Pressure,bar,AIRCRAFT-SENSOR-AIRCRAFT-64
AIRCRAFT-SENSOR-AIRCRAFT-64-Oil-Temperature,Oil Temperature,°C,AIRCRAFT-SENSOR-AIRCRAFT-64
AIRCRAFT-SENSOR-AIRCRAFT-64-Vibration,Vibration,mm/s,AIRCRAFT-SENSOR-AIRCRAFT-64
AIRCRAFT-SENSOR-AIRCRAFT-65-Fan-Rotation-Speed,Fan Rotation Speed,rpm,AIRCRAFT-SENSOR-AIRCRAFT-65
AIRCRAFT-SENSOR-AIRCRAFT-65-Oil-Pressure,Oil Pressure,bar,AIRCRAFT-SENSOR-AIRCRAFT-65
AIRCRAFT-SENSOR-AIRCRAFT-65-Oil-Temperature,Oil Temperature,°C,AIRCRAFT-SENSOR-AIRCRAFT-65
AIRCRAFT-SENSOR-AIRCRAFT-65-Vibration,Vibration,mm/s,AIRCRAFT-SENSOR-AIRCRAFT-65
AIRCRAFT-SENSOR-AIRCRAFT-66-Fan-Rotation-Speed,Fan Rotation Speed,rpm,AIRCRAFT-SENSOR-AIRCRAFT-66
AIRCRAFT-SENSOR-AIRCRAFT-66-Oil-Pressure,Oil Pressure,bar,AIRCRAFT-SENSOR-AIRCRAFT-66
AIRCRAFT-SENSOR-AIRCRAFT-66-Oil-Temperature,Oil Temperature,°C,AIRCRAFT-SENSOR-AIRCRAFT-66
AIRCRAFT-SENSOR-AIRCRAFT-66-Vibration,Vibration,mm/s,AIRCRAFT-SENSOR-AIRCRAFT-66
AIRCRAFT-SENSOR-AIRCRAFT-67-Fan-Rotation-Speed,Fan Rotation Speed,rpm,AIRCRAFT-SENSOR-AIRCRAFT-67
AIRCRAFT-SENSOR-AIRCRAFT-67-Oil-Pressure,Oil Pressure,bar,AIRCRAFT-SENSOR-AIRCRAFT-67
AIRCRAFT-SENSOR-AIRCRAFT-67-Oil-Temperature,Oil Temperature,°C,AIRCRAFT-SENSOR-AIRCRAFT-67
AIRCRAFT-SENSOR-AIRCRAFT-67-Vibration,Vibration,mm/s,AIRCRAFT-SENSOR-AIRCRAFT-67
AIRCRAFT-SENSOR-AIRCRAFT-68-Fan-Rotation-Speed,Fan Rotation Speed,rpm,AIRCRAFT-SENSOR-AIRCRAFT-68
AIRCRAFT-SENSOR-AIRCRAFT-68-Oil-Pressure,Oil Pressure,bar,AIRCRAFT-SENSOR-AIRCRAFT-68
AIRCRAFT-SENSOR-AIRCRAFT-68-Oil-Temperature,Oil Temperature,°C,AIRCRAFT-SENSOR-AIRCRAFT-68
AIRCRAFT-SENSOR-AIRCRAFT-68-Vibration,Vibration,mm/s,AIRCRAFT-SENSOR-AIRCRAFT-68
AIRCRAFT-SENSOR-AIRCRAFT-69-Fan-Rotation-Speed,Fan Rotation Speed,rpm,AIRCRAFT-SENSOR-AIRCRAFT-69
AIRCRAFT-SENSOR-AIRCRAFT-69-Oil-Pressure,Oil Pressure,bar,AIRCRAFT-SENSOR-AIRCRAFT-69
AIRCRAFT-SENSOR-AIRCRAFT-69-Oil-Temperature,Oil Temperature,°C,AIRCRAFT-SENSOR-AIRCRAFT-69
AIRCRAFT-SENSOR-AIRCRAFT-69-Vibration,Vibration,mm/s,AIRCRAFT-SENSOR-AIRCRAFT-69
AIRCRAFT-SENSOR-AIRCRAFT-7-Fan-Rotation-Speed,Fan Rotation Speed,rpm,AIRCRAFT-SENSOR-AIRCRAFT-7
AIRCRAFT-SENSOR-AIRCRAFT-7-Oil-Pressure,Oil Pressure,bar,AIRCRAFT-SENSOR-AIRCRAFT-7
AIRCRAFT-SENSOR-AIRCRAFT-7-Oil-Temperature,Oil Temperature,°C,AIRCRAFT-SENSOR-AIRCRAFT-7
AIRCRAFT-SENSOR-AIRCRAFT-7-Vibration,Vibration,mm/s,AIRCRAFT-SENSOR-AIRCRAFT-7
AIRCRAFT-SENSOR-AIRCRAFT-70-Fan-Rotation-Speed,Fan Rotation Speed,rpm,AIRCRAFT-SENSOR-AIRCRAFT-70
AIRCRAFT-SENSOR-AIRCRAFT-70-Oil-Pressure,Oil Pressure,bar,AIRCRAFT-SENSOR-AIRCRAFT-70
AIRCRAFT-SENSOR-AIRCRAFT-70-Oil-Temperature,Oil Temperature,°C,AIRCRAFT-SENSOR-AIRCRAFT-70
AIRCRAFT-SENSOR-AIRCRAFT-70-Vibration,Vibration,mm/s,AIRCRAFT-SENSOR-AIRCRAFT-70
AIRCRAFT-SENSOR-AIRCRAFT-71-Fan-Rotation-Speed,Fan Rotation Speed,rpm,AIRCRAFT-SENSOR-AIRCRAFT-71
AIRCRAFT-SENSOR-AIRCRAFT-71-Oil-Pressure,Oil Pressure,bar,AIRCRAFT-SENSOR-AIRCRAFT-71
AIRCRAFT-SENSOR-AIRCRAFT-71-Oil-Temperature,Oil Temperature,°C,AIRCRAFT-SENSOR-AIRCRAFT-71
AIRCRAFT-SENSOR-AIRCRAFT-71-Vibration,Vibration,mm/s,AIRCRAFT-SENSOR-AIRCRAFT-71
AIRCRAFT-SENSOR-AIRCRAFT-72-Fan-Rotation-Speed,Fan Rotation Speed,rpm,AIRCRAFT-SENSOR-AIRCRAFT-72
AIRCRAFT-SENSOR-AIRCRAFT-72-Oil-Pressure,Oil Pressure,bar,AIRCRAFT-SENSOR-AIRCRAFT-72
AIRCRAFT-SENSOR-AIRCRAFT-72-Oil-Temperature,Oil Temperature,°C,AIRCRAFT-SENSOR-AIRCRAFT-72
AIRCRAFT-SENSOR-AIRCRAFT-72-Vibration,Vibration,mm/s,AIRCRAFT-SENSOR-AIRCRAFT-72
AIRCRAFT-SENSOR-AIRCRAFT-73-Fan-Rotation-Speed,Fan Rotation Speed,rpm,AIRCRAFT-SENSOR-AIRCRAFT-73
AIRCRAFT-SENSOR-AIRCRAFT-73-Oil-Pressure,Oil Pressure,bar,AIRCRAFT-SENSOR-AIRCRAFT-73
AIRCRAFT-SENSOR-AIRCRAFT-73-Oil-Temperature,Oil Temperature,°C,AIRCRAFT-SENSOR-AIRCRAFT-73
AIRCRAFT-SENSOR-AIRCRAFT-73-Vibration,Vibration,mm/s,AIRCRAFT-SENSOR-AIRCRAFT-73
AIRCRAFT-SENSOR-AIRCRAFT-74-Fan-Rotation-Speed,Fan Rotation Speed,rpm,AIRCRAFT-SENSOR-AIRCRAFT-74
AIRCRAFT-SENSOR-AIRCRAFT-74-Oil-Pressure,Oil Pressure,bar,AIRCRAFT-SENSOR-AIRCRAFT-74
AIRCRAFT-SENSOR-AIRCRAFT-74-Oil-Temperature,Oil Temperature,°C,AIRCRAFT-SENSOR-AIRCRAFT-74
AIRCRAFT-SENSOR-AIRCRAFT-74-Vibration,Vibration,mm/s,AIRCRAFT-SENSOR-AIRCRAFT-74
AIRCRAFT-SENSOR-AIRCRAFT-75-Fan-Rotation-Speed,Fan Rotation Speed,rpm,AIRCRAFT-SENSOR-AIRCRAFT-75
AIRCRAFT-SENSOR-AIRCRAFT-75-Oil-Pressure,Oil Pressure,bar,AIRCRAFT-SENSOR-AIRCRAFT-75
AIRCRAFT-SENSOR-AIRCRAFT-75-Oil-Temperature,Oil Temperature,°C,AIRCRAFT-SENSOR-AIRCRAFT-75
AIRCRAFT-SENSOR-AIRCRAFT-75-Vibration,Vibration,mm/s,AIRCRAFT-SENSOR-AIRCRAFT-75
AIRCRAFT-SENSOR-AIRCRAFT-76-Fan-Rotation-Speed,Fan Rotation Speed,rpm,AIRCRAFT-SENSOR-AIRCRAFT-76
AIRCRAFT-SENSOR-AIRCRAFT-76-Oil-Pressure,Oil Pressure,bar,AIRCRAFT-SENSOR-AIRCRAFT-76
AIRCRAFT-SENSOR-AIRCRAFT-76-Oil-Temperature,Oil Temperature,°C,AIRCRAFT-SENSOR-AIRCRAFT-76
AIRCRAFT-SENSOR-AIRCRAFT-76-Vibration,Vibration,mm/s,AIRCRAFT-SENSOR-AIRCRAFT-76
AIRCRAFT-SENSOR-AIRCRAFT-77-Fan-Rotation-Speed,Fan Rotation Speed,rpm,AIRCRAFT-SENSOR-AIRCRAFT-77
AIRCRAFT-SENSOR-AIRCRAFT-77-Oil-Pressure,Oil Pressure,bar,AIRCRAFT-SENSOR-AIRCRAFT-77
AIRCRAFT-SENSOR-AIRCRAFT-77-Oil-Temperature,Oil Temperature,°C,AIRCRAFT-SENSOR-AIRCRAFT-77
AIRCRAFT-SENSOR-AIRCRAFT-77-Vibration,Vibration,mm/s,AIRCRAFT-SENSOR-AIRCRAFT-77
AIRCRAFT-SENSOR-AIRCRAFT-78-Fan-Rotation-Speed,Fan Rotation Speed,rpm,AIRCRAFT-SENSOR-AIRCRAFT-78
AIRCRAFT-SENSOR-AIRCRAFT-78-Oil-Pressure,Oil Pressure,bar,AIRCRAFT-SENSOR-AIRCRAFT-78
AIRCRAFT-SENSOR-AIRCRAFT-78-Oil-Temperature,Oil Temperature,°C,AIRCRAFT-SENSOR-AIRCRAFT-78
AIRCRAFT-SENSOR-AIRCRAFT-78-Vibration,Vibration,mm/s,AIRCRAFT-SENSOR-AIRCRAFT-78
AIRCRAFT-SENSOR-AIRCRAFT-79-Fan-Rotation-Speed,Fan Rotation Speed,rpm,AIRCRAFT-SENSOR-AIRCRAFT-79
AIRCRAFT-SENSOR-AIRCRAFT-79-Oil-Pressure,Oil Pressure,bar,AIRCRAFT-SENSOR-AIRCRAFT-79
AIRCRAFT-SENSOR-AIRCRAFT-79-Oil-Temperature,Oil Temperature,°C,AIRCRAFT-SENSOR-AIRCRAFT-79
AIRCRAFT-SENSOR-AIRCRAFT-79-Vibration,Vibration,mm/s,AIRCRAFT-SENSOR-AIRCRAFT-79
AIRCRAFT-SENSOR-AIRCRAFT-8-Fan-Rotation-Speed,Fan Rotation Speed,rpm,AIRCRAFT-SENSOR-AIRCRAFT-8
AIRCRAFT-SENSOR-AIRCRAFT-8-Oil-Pressure,Oil Pressure,bar,AIRCRAFT-SENSOR-AIRCRAFT-8
AIRCRAFT-SENSOR-AIRCRAFT-8-Oil-Temperature,Oil Temperature,°C,AIRCRAFT-SENSOR-AIRCRAFT-8
AIRCRAFT-SENSOR-AIRCRAFT-8-Vibration,Vibration,mm/s,AIRCRAFT-SENSOR-AIRCRAFT-8
AIRCRAFT-SENSOR-AIRCRAFT-80-Fan-Rotation-Speed,Fan Rotation Speed,rpm,AIRCRAFT-SENSOR-AIRCRAFT-80
AIRCRAFT-SENSOR-AIRCRAFT-80-Oil-Pressure,Oil Pressure,bar,AIRCRAFT-SENSOR-AIRCRAFT-80
AIRCRAFT-SENSOR-AIRCRAFT-80-Oil-Temperature,Oil Temperature,°C,AIRCRAFT-SENSOR-AIRCRAFT-80
AIRCRAFT-SENSOR-AIRCRAFT-80-Vibration,Vibration,mm/s,AIRCRAFT-SENSOR-AIRCRAFT-80
AIRCRAFT-SENSOR-AIRCRAFT-81-Fan-Rotation-Speed,Fan Rotation Speed,rpm,AIRCRAFT-SENSOR-AIRCRAFT-81
AIRCRAFT-SENSOR-AIRCRAFT-81-Oil-Pressure,Oil Pressure,bar,AIRCRAFT-SENSOR-AIRCRAFT-81
AIRCRAFT-SENSOR-AIRCRAFT-81-Oil-Temperature,Oil Temperature,°C,AIRCRAFT-SENSOR-AIRCRAFT-81
AIRCRAFT-SENSOR-AIRCRAFT-81-Vibration,Vibration,mm/s,AIRCRAFT-SENSOR-AIRCRAFT-81
AIRCRAFT-SENSOR-AIRCRAFT-82-Fan-Rotation-Speed,Fan Rotation Speed,rpm,AIRCRAFT-SENSOR-AIRCRAFT-82
AIRCRAFT-SENSOR-AIRCRAFT-82-Oil-Pressure,Oil Pressure,bar,AIRCRAFT-SENSOR-AIRCRAFT-82
AIRCRAFT-SENSOR-AIRCRAFT-82-Oil-Temperature,Oil Temperature,°C,AIRCRAFT-SENSOR-AIRCRAFT-82
AIRCRAFT-SENSOR-AIRCRAFT-82-Vibration,Vibration,mm/s,AIRCRAFT-SENSOR-AIRCRAFT-82
AIRCRAFT-SENSOR-AIRCRAFT-83-Fan-Rotation-Speed,Fan Rotation Speed,rpm,AIRCRAFT-SENSOR-AIRCRAFT-83
AIRCRAFT-SENSOR-AIRCRAFT-83-Oil-Pressure,Oil Pressure,bar,AIRCRAFT-SENSOR-AIRCRAFT-83
AIRCRAFT-SENSOR-AIRCRAFT-83-Oil-Temperature,Oil Temperature,°C,AIRCRAFT-SENSOR-AIRCRAFT-83
AIRCRAFT-SENSOR-AIRCRAFT-83-Vibration,Vibration,mm/s,AIRCRAFT-SENSOR-AIRCRAFT-83
AIRCRAFT-SENSOR-AIRCRAFT-84-Fan-Rotation-Speed,Fan Rotation Speed,rpm,AIRCRAFT-SENSOR-AIRCRAFT-84
AIRCRAFT-SENSOR-AIRCRAFT-84-Oil-Pressure,Oil Pressure,bar,AIRCRAFT-SENSOR-AIRCRAFT-84
AIRCRAFT-SENSOR-AIRCRAFT-84-Oil-Temperature,Oil Temperature,°C,AIRCRAFT-SENSOR-AIRCRAFT-84
AIRCRAFT-SENSOR-AIRCRAFT-84-Vibration,Vibration,mm/s,AIRCRAFT-SENSOR-AIRCRAFT-84
AIRCRAFT-SENSOR-AIRCRAFT-85-Fan-Rotation-Speed,Fan Rotation Speed,rpm,AIRCRAFT-SENSOR-AIRCRAFT-85
AIRCRAFT-SENSOR-AIRCRAFT-85-Oil-Pressure,Oil Pressure,bar,AIRCRAFT-SENSOR-AIRCRAFT-85
AIRCRAFT-SENSOR-AIRCRAFT-85-Oil-Temperature,Oil Temperature,°C,AIRCRAFT-SENSOR-AIRCRAFT-85
AIRCRAFT-SENSOR-AIRCRAFT-85-Vibration,Vibration,mm/s,AIRCRAFT-SENSOR-AIRCRAFT-85
AIRCRAFT-SENSOR-AIRCRAFT-86-Fan-Rotation-Speed,Fan Rotation Speed,rpm,AIRCRAFT-SENSOR-AIRCRAFT-86
AIRCRAFT-SENSOR-AIRCRAFT-86-Oil-Pressure,Oil Pressure,bar,AIRCRAFT-SENSOR-AIRCRAFT-86
AIRCRAFT-SENSOR-AIRCRAFT-86-Oil-Temperature,Oil Temperature,°C,AIRCRAFT-SENSOR-AIRCRAFT-86
AIRCRAFT-SENSOR-AIRCRAFT-86-Vibration,Vibration,mm/s,AIRCRAFT-SENSOR-AIRCRAFT-86
AIRCRAFT-SENSOR-AIRCRAFT-87-Fan-Rotation-Speed,Fan Rotation Speed,rpm,AIRCRAFT-SENSOR-AIRCRAFT-87
AIRCRAFT-SENSOR-AIRCRAFT-87-Oil-Pressure,Oil Pressure,bar,AIRCRAFT-SENSOR-AIRCRAFT-87
AIRCRAFT-SENSOR-AIRCRAFT-87-Oil-Temperature,Oil Temperature,°C,AIRCRAFT-SENSOR-AIRCRAFT-87
AIRCRAFT-SENSOR-AIRCRAFT-87-Vibration,Vibration,mm/s,AIRCRAFT-SENSOR-AIRCRAFT-87
AIRCRAFT-SENSOR-AIRCRAFT-88-Fan-Rotation-Speed,Fan Rotation Speed,rpm,AIRCRAFT-SENSOR-AIRCRAFT-88
AIRCRAFT-SENSOR-AIRCRAFT-88-Oil-Pressure,Oil Pressure,bar,AIRCRAFT-SENSOR-AIRCRAFT-88
AIRCRAFT-SENSOR-AIRCRAFT-88-Oil-Temperature,Oil Temperature,°C,AIRCRAFT-SENSOR-AIRCRAFT-88
AIRCRAFT-SENSOR-AIRCRAFT-88-Vibration,Vibration,mm/s,AIRCRAFT-SENSOR-AIRCRAFT-88
AIRCRAFT-SENSOR-AIRCRAFT-89-Fan-Rotation-Speed,Fan Rotation Speed,rpm,AIRCRAFT-SENSOR-AIRCRAFT-89
AIRCRAFT-SENSOR-AIRCRAFT-89-Oil-Pressure,Oil Pressure,bar,AIRCRAFT-SENSOR-AIRCRAFT-89
AIRCRAFT-SENSOR-AIRCRAFT-89-Oil-Temperature,Oil Temperature,°C,AIRCRAFT-SENSOR-AIRCRAFT-89
AIRCRAFT-SENSOR-AIRCRAFT-89-Vibration,Vibration,mm/s,AIRCRAFT-SENSOR-AIRCRAFT-89
AIRCRAFT-SENSOR-AIRCRAFT-9-Fan-Rotation-Speed,Fan Rotation Speed,rpm,AIRCRAFT-SENSOR-AIRCRAFT-9
AIRCRAFT-SENSOR-AIRCRAFT-9-Oil-Pressure,Oil Pressure,bar,AIRCRAFT-SENSOR-AIRCRAFT-9
AIRCRAFT-SENSOR-AIRCRAFT-9-Oil-Temperature,Oil Temperature,°C,AIRCRAFT-SENSOR-AIRCRAFT-9
AIRCRAFT-SENSOR-AIRCRAFT-9-Vibration,Vibration,mm/s,AIRCRAFT-SENSOR-AIRCRAFT-9
AIRCRAFT-SENSOR-AIRCRAFT-90-Fan-Rotation-Speed,Fan Rotation Speed,rpm,AIRCRAFT-SENSOR-AIRCRAFT-90
AIRCRAFT-SENSOR-AIRCRAFT-90-Oil-Pressure,Oil Pressure,bar,AIRCRAFT-SENSOR-AIRCRAFT-90
AIRCRAFT-SENSOR-AIRCRAFT-90-Oil-Temperature,Oil Temperature,°C,AIRCRAFT-SENSOR-AIRCRAFT-90
AIRCRAFT-SENSOR-AIRCRAFT-90-Vibration,Vibration,mm/s,AIRCRAFT-SENSOR-AIRCRAFT-90
AIRCRAFT-SENSOR-AIRCRAFT-91-Fan-Rotation-Speed,Fan Rotation Speed,rpm,AIRCRAFT-SENSOR-AIRCRAFT-91
AIRCRAFT-SENSOR-AIRCRAFT-91-Oil-Pressure,Oil Pressure,bar,AIRCRAFT-SENSOR-AIRCRAFT-91
AIRCRAFT-SENSOR-AIRCRAFT-91-Oil-Temperature,Oil Temperature,°C,AIRCRAFT-SENSOR-AIRCRAFT-91
AIRCRAFT-SENSOR-AIRCRAFT-91-Vibration,Vibration,mm/s,AIRCRAFT-SENSOR-AIRCRAFT-91
AIRCRAFT-SENSOR-AIRCRAFT-92-Fan-Rotation-Speed,Fan Rotation Speed,rpm,AIRCRAFT-SENSOR-AIRCRAFT-92
AIRCRAFT-SENSOR-AIRCRAFT-92-Oil-Pressure,Oil Pressure,bar,AIRCRAFT-SENSOR-AIRCRAFT-92
AIRCRAFT-SENSOR-AIRCRAFT-92-Oil-Temperature,Oil Temperature,°C,AIRCRAFT-SENSOR-AIRCRAFT-92
AIRCRAFT-SENSOR-AIRCRAFT-92-Vibration,Vibration,mm/s,AIRCRAFT-SENSOR-AIRCRAFT-92
AIRCRAFT-SENSOR-AIRCRAFT-93-Fan-Rotation-Speed,Fan Rotation Speed,rpm,AIRCRAFT-SENSOR-AIRCRAFT-93
AIRCRAFT-SENSOR-AIRCRAFT-93-Oil-Pressure,Oil Pressure,bar,AIRCRAFT-SENSOR-AIRCRAFT-93
AIRCRAFT-SENSOR-AIRCRAFT-93-Oil-Temperature,Oil Temperature,°C,AIRCRAFT-SENSOR-AIRCRAFT-93
AIRCRAFT-SENSOR-AIRCRAFT-93-Vibration,Vibration,mm/s,AIRCRAFT-SENSOR-AIRCRAFT-93
AIRCRAFT-SENSOR-AIRCRAFT-94-Fan-Rotation-Speed,Fan Rotation Speed,rpm,AIRCRAFT-SENSOR-AIRCRAFT-94
AIRCRAFT-SENSOR-AIRCRAFT-94-Oil-Pressure,Oil Pressure,bar,AIRCRAFT-SENSOR-AIRCRAFT-94
AIRCRAFT-SENSOR-AIRCRAFT-94-Oil-Temperature,Oil Temperature,°C,AIRCRAFT-SENSOR-AIRCRAFT-94
AIRCRAFT-SENSOR-AIRCRAFT-94-Vibration,Vibration,mm/s,AIRCRAFT-SENSOR-AIRCRAFT-94
AIRCRAFT-SENSOR-AIRCRAFT-95-Fan-Rotation-Speed,Fan Rotation Speed,rpm,AIRCRAFT-SENSOR-AIRCRAFT-95
AIRCRAFT-SENSOR-AIRCRAFT-95-Oil-Pressure,Oil Pressure,bar,AIRCRAFT-SENSOR-AIRCRAFT-95
AIRCRAFT-SENSOR-AIRCRAFT-95-Oil-Temperature,Oil Temperature,°C,AIRCRAFT-SENSOR-AIRCRAFT-95
AIRCRAFT-SENSOR-AIRCRAFT-95-Vibration,Vibration,mm/s,AIRCRAFT-SENSOR-AIRCRAFT-95
AIRCRAFT-SENSOR-AIRCRAFT-96-Fan-Rotation-Speed,Fan Rotation Speed,rpm,AIRCRAFT-SENSOR-AIRCRAFT-96
AIRCRAFT-SENSOR-AIRCRAFT-96-Oil-Pressure,Oil Pressure,bar,AIRCRAFT-SENSOR-AIRCRAFT-96
AIRCRAFT-SENSOR-AIRCRAFT-96-Oil-Temperature,Oil Temperature,°C,AIRCRAFT-SENSOR-AIRCRAFT-96
AIRCRAFT-SENSOR-AIRCRAFT-96-Vibration,Vibration,mm/s,AIRCRAFT-SENSOR-AIRCRAFT-96
AIRCRAFT-SENSOR-AIRCRAFT-97-Fan-Rotation-Speed,Fan Rotation Speed,rpm,AIRCRAFT-SENSOR-AIRCRAFT-97
AIRCRAFT-SENSOR-AIRCRAFT-97-Oil-Pressure,Oil Pressure,bar,AIRCRAFT-SENSOR-AIRCRAFT-97
AIRCRAFT-SENSOR-AIRCRAFT-97-Oil-Temperature,Oil Temperature,°C,AIRCRAFT-SENSOR-AIRCRAFT-97
AIRCRAFT-SENSOR-AIRCRAFT-97-Vibration,Vibration,mm/s,AIRCRAFT-SENSOR-AIRCRAFT-97
AIRCRAFT-SENSOR-AIRCRAFT-98-Fan-Rotation-Speed,Fan Rotation Speed,rpm,AIRCRAFT-SENSOR-AIRCRAFT-98
AIRCRAFT-SENSOR-AIRCRAFT-98-Oil-Pressure,Oil Pressure,bar,AIRCRAFT-SENSOR-AIRCRAFT-98
AIRCRAFT-SENSOR-AIRCRAFT-98-Oil-Temperature,Oil Temperature,°C,AIRCRAFT-SENSOR-AIRCRAFT-98
AIRCRAFT-SENSOR-AIRCRAFT-98-Vibration,Vibration,mm/s,AIRCRAFT-SENSOR-AIRCRAFT-98
AIRCRAFT-SENSOR-AIRCRAFT-99-Fan-Rotation-Speed,Fan Rotation Speed,rpm,AIRCRAFT-SENSOR-AIRCRAFT-99
AIRCRAFT-SENSOR-AIRCRAFT-99-Oil-Pressure,Oil Pressure,bar,AIRCRAFT-SENSOR-AIRCRAFT-99
AIRCRAFT-SENSOR-AIRCRAFT-99-Oil-Temperature,Oil Temperature,°C,AIRCRAFT-SENSOR-AIRCRAFT-99
AIRCRAFT-SENSOR-AIRCRAFT-99-Vibration,Vibration,mm/s,AIRCRAFT-SENSOR-AIRCRAFT-99
