id,aircraft.id,description,startDate,endDate,status,origin.id,destination.id
OPERATION-55,AIRCRAFT-418,Mission,2026-02-02,2026-02-03,In Progress,BASE-10,BASE-10
OPERATION-550,AIRCRAFT-397,Training,2026-03-08,2026-03-14,Completed,BASE-1,BASE-4
OPERATION-5500,AIRCRAFT-96,Training,2027-01-09,2027-01-10,Planned,BASE-6,BASE-2
OPERATION-5501,AIRCRAFT-244,Mission,2027-01-10,2027-01-23,Completed,BASE-1,BASE-7
OPERATION-5502,AIRCRAFT-349,Mission,2027-01-10,2027-01-15,Planned,BASE-4,BASE-4
OPERATION-5503,AIRCRAFT-134,Mission,2027-01-10,2027-01-17,Planned,BASE-10,BASE-10
OPERATION-5504,AIRCRAFT-323,Training,2027-01-10,2027-01-17,In Progress,BASE-1,BASE-7
OPERATION-5505,AIRCRAFT-427,Test,2027-01-10,2027-01-10,In Progress,BASE-4,BASE-1
OPERATION-5506,AIRCRAFT-195,Mission,2027-01-11,2027-01-22,In Progress,BASE-8,BASE-9
OPERATION-5507,AIRCRAFT-359,Mission,2027-01-11,2027-01-23,Completed,BASE-5,BASE-2
OPERATION-5508,AIRCRAFT-55,Training,2027-01-11,2027-01-15,Planned,BASE-8,BASE-1
OPERATION-5509,AIRCRAFT-406,Training,2027-01-11,2027-01-12,In Progress,BASE-9,BASE-9
OPERATION-551,AIRCRAFT-391,Mission,2026-03-08,2026-03-23,Planned,BASE-8,BASE-10
OPERATION-5510,AIRCRAFT-329,Test,2027-01-11,2027-01-21,In Progress,BASE-6,BASE-4
OPERATION-5511,AIRCRAFT-184,Test,2027-01-11,2027-01-14,Completed,BASE-9,BASE-1
OPERATION-5512,AIRCRAFT-232,Training,2027-01-11,2027-01-19,In Progress,BASE-5,BASE-3
OPERATION-5513,AIRCRAFT-364,Mission,2027-01-11,2027-01-11,In Progress,BASE-7,BASE-5
OPERATION-5514,AIRCRAFT-40,Training,2027-01-11,2027-01-15,Planned,BASE-8,BASE-9
OPERATION-5515,AIRCRAFT-92,Test,2027-01-11,2027-01-24,In Progress,BASE-9,BASE-7
OPERATION-5516,AIRCRAFT-240,Mission,2027-01-11,2027-01-11,Planned,BASE-10,BASE-3
OPERATION-5517,AIRCRAFT-191,Mission,2027-01-11,2027-01-16,Planned,BASE-8,BASE-1
OPERATION-5518,AIRCRAFT-370,Test,2027-01-11,2027-01-13,In Progress,BASE-7,BASE-4
OPERATION-5519,AIRCRAFT-86,Training,2027-01-12,2027-01-16,Completed,BASE-9,BASE-8
OPERATION-552,AIRCRAFT-69,Mission,2026-03-08,2026-03-10,In Progress,BASE-6,BASE-3
OPERATION-5520,AIRCRAFT-68,Training,2027-01-12,2027-01-17,Planned,BASE-2,BASE-5
OPERATION-5521,AIRCRAFT-343,Test,2027-01-12,2027-01-17,In Progress,BASE-7,BASE-3
OPERATION-5522,AIRCRAFT-482,Test,2027-01-12,2027-01-15,Completed,BASE-7,BASE-5
OPERATION-5523,AIRCRAFT-173,Training,2027-01-12,2027-01-21,Planned,BASE-4,BASE-4
OPERATION-5524,AIRCRAFT-98,Test,2027-01-12,2027-01-17,Completed,BASE-1,BASE-8
OPERATION-5525,AIRCRAFT-109,Training,2027-01-12,2027-01-12,Planned,BASE-1,BASE-3
OPERATION-5526,AIRCRAFT-351,Training,2027-01-12,2027-01-27,Completed,BASE-2,BASE-3
OPERATION-5527,AIRCRAFT-211,Test,2027-01-12,2027-01-12,Planned,BASE-1,BASE-2
OPERATION-5528,AIRCRAFT-397,Training,2027-01-12,2027-01-27,In Progress,BASE-5,BASE-2
OPERATION-5529,AIRCRAFT-324,Test,2027-01-12,2027-01-24,In Progress,BASE-10,BASE-3
OPERATION-553,AIRCRAFT-427,Training,2026-03-08,2026-03-20,Completed,BASE-3,BASE-8
OPERATION-5530,AIRCRAFT-135,Training,2027-01-12,2027-01-14,In Progress,BASE-7,BASE-3
OPERATION-5531,AIRCRAFT-365,Test,2027-01-12,2027-01-26,Completed,BASE-1,BASE-2
OPERATION-5532,AIRCRAFT-237,Training,2027-01-12,2027-01-23,Completed,BASE-10,BASE-8
OPERATION-5533,AIRCRAFT-328,Mission,2027-01-12,2027-01-20,Planned,BASE-4,BASE-7
OPERATION-5534,AIRCRAFT-52,Test,2027-01-12,2027-01-13,In Progress,BASE-5,BASE-9
OPERATION-5535,AIRCRAFT-273,Mission,2027-01-12,2027-01-18,Completed,BASE-6,BASE-9
OPERATION-5536,AIRCRAFT-209,Mission,2027-01-12,2027-01-27,Completed,BASE-9,BASE-4
OPERATION-5537,AIRCRAFT-105,Training,2027-01-12,2027-01-24,Planned,BASE-2,BASE-5
OPERATION-5538,AIRCRAFT-219,Mission,2027-01-13,2027-01-27,Planned,BASE-7,BASE-8
OPERATION-5539,AIRCRAFT-317,Test,2027-01-13,2027-01-15,Completed,BASE-9,BASE-6
OPERATION-554,AIRCRAFT-110,Test,2026-03-08,2026-03-10,Planned,BASE-1,BASE-5
OPERATION-5540,AIRCRAFT-465,Mission,2027-01-13,2027-01-16,Planned,BASE-6,BASE-1
OPERATION-5541,AIRCRAFT-93,Training,2027-01-13,2027-01-16,In Progress,BASE-10,BASE-8
OPERATION-5542,AIRCRAFT-116,Test,2027-01-13,2027-01-17,Planned,BASE-6,BASE-2
OPERATION-5543,AIRCRAFT-127,Mission,2027-01-13,2027-01-17,Completed,BASE-3,BASE-9
OPERATION-5544,AIRCRAFT-194,Mission,2027-01-13,2027-01-24,Planned,BASE-3,BASE-10
OPERATION-5545,AIRCRAFT-100,Training,2027-01-13,2027-01-27,Completed,BASE-4,BASE-8
OPERATION-5546,AIRCRAFT-498,Mission,2027-01-13,2027-01-23,Completed,BASE-2,BASE-6
OPERATION-5547,AIRCRAFT-366,Mission,2027-01-13,2027-01-24,Planned,BASE-7,BASE-4
OPERATION-5548,AIRCRAFT-157,Training,2027-01-13,2027-01-27,Completed,BASE-3,BASE-1
OPERATION-5549,AIRCRAFT-369,Training,2027-01-14,2027-01-28,In Progress,BASE-2,BASE-5
OPERATION-555,AIRCRAFT-125,Mission,2026-03-08,2026-03-14,In Progress,BASE-9,BASE-5
OPERATION-5550,AIRCRAFT-34,Test,2027-01-14,2027-01-19,In Progress,BASE-4,BASE-10
OPERATION-5551,AIRCRAFT-23,Training,2027-01-14,2027-01-27,Planned,BASE-6,BASE-10
OPERATION-5552,AIRCRAFT-50,Test,2027-01-14,2027-01-16,Planned,BASE-2,BASE-3
OPERATION-5553,AIRCRAFT-474,Test,2027-01-14,2027-01-23,In Progress,BASE-4,BASE-7
OPERATION-5554,AIRCRAFT-480,Mission,2027-01-14,2027-01-28,In Progress,BASE-5,BASE-4
OPERATION-5555,AIRCRAFT-265,Test,2027-01-14,2027-01-23,In Progress,BASE-5,BASE-10
OPERATION-5556,AIRCRAFT-6,Training,2027-01-14,2027-01-28,Planned,BASE-10,BASE-7
OPERATION-5557,AIRCRAFT-48,Mission,2027-01-14,2027-01-25,In Progress,BASE-7,BASE-5
OPERATION-5558,AIRCRAFT-64,Test,2027-01-14,2027-01-21,Completed,BASE-1,BASE-3
OPERATION-5559,AIRCRAFT-292,Training,2027-01-14,2027-01-15,Completed,BASE-1,BASE-5
OPERATION-556,AIRCRAFT-432,Test,2026-03-08,2026-03-21,In Progress,BASE-2,BASE-9
OPERATION-5560,AIRCRAFT-340,Training,2027-01-14,2027-01-18,Completed,BASE-7,BASE-1
OPERATION-5561,AIRCRAFT-131,Test,2027-01-14,2027-01-14,In Progress,BASE-1,BASE-10
OPERATION-5562,AIRCRAFT-442,Test,2027-01-14,2027-01-16,In Progress,BASE-8,BASE-4
OPERATION-5563,AIRCRAFT-437,Mission,2027-01-14,2027-01-29,In Progress,BASE-3,BASE-7
OPERATION-5564,AIRCRAFT-208,Mission,2027-01-14,2027-01-26,In Progress,BASE-5,BASE-10
OPERATION-5565,AIRCRAFT-12,Mission,2027-01-14,2027-01-18,In Progress,BASE-10,BASE-4
OPERATION-5566,AIRCRAFT-163,Test,2027-01-14,2027-01-15,In Progress,BASE-1,BASE-2
OPERATION-5567,AIRCRAFT-227,Training,2027-01-14,2027-01-24,Planned,BASE-2,BASE-2
OPERATION-5568,AIRCRAFT-262,Mission,2027-01-14,2027-01-28,In Progress,BASE-5,BASE-2
OPERATION-5569,AIRCRAFT-53,Training,2027-01-14,2027-01-22,In Progress,BASE-10,BASE-1
OPERATION-557,AIRCRAFT-304,Mission,2026-03-08,2026-03-12,In Progress,BASE-2,BASE-9
OPERATION-5570,AIRCRAFT-148,Test,2027-01-14,2027-01-14,In Progress,BASE-3,BASE-10
OPERATION-5571,AIRCRAFT-297,Training,2027-01-14,2027-01-21,Completed,BASE-9,BASE-5
OPERATION-5572,AIRCRAFT-363,Mission,2027-01-14,2027-01-28,Planned,BASE-10,BASE-9
OPERATION-5573,AIRCRAFT-382,Test,2027-01-14,2027-01-21,In Progress,BASE-7,BASE-8
OPERATION-5574,AIRCRAFT-164,Training,2027-01-14,2027-01-29,Planned,BASE-10,BASE-1
OPERATION-5575,AIRCRAFT-247,Training,2027-01-14,2027-01-19,Planned,BASE-5,BASE-8
OPERATION-5576,AIRCRAFT-45,Training,2027-01-14,2027-01-21,Planned,BASE-1,BASE-4
OPERATION-5577,AIRCRAFT-110,Test,2027-01-14,2027-01-18,Planned,BASE-1,BASE-7
OPERATION-5578,AIRCRAFT-445,Mission,2027-01-15,2027-01-29,Completed,BASE-5,BASE-5
OPERATION-5579,AIRCRAFT-479,Test,2027-01-15,2027-01-19,In Progress,BASE-4,BASE-6
OPERATION-558,AIRCRAFT-216,Test,2026-03-08,2026-03-14,In Progress,BASE-7,BASE-10
OPERATION-5580,AIRCRAFT-325,Test,2027-01-15,2027-01-25,Planned,BASE-5,BASE-3
OPERATION-5581,AIRCRAFT-201,Training,2027-01-15,2027-01-22,Completed,BASE-8,BASE-10
OPERATION-5582,AIRCRAFT-145,Test,2027-01-15,2027-01-19,In Progress,BASE-8,BASE-6
OPERATION-5583,AIRCRAFT-304,Test,2027-01-15,2027-01-23,Planned,BASE-5,BASE-4
OPERATION-5584,AIRCRAFT-113,Training,2027-01-15,2027-01-27,In Progress,BASE-4,BASE-10
OPERATION-5585,AIRCRAFT-409,Mission,2027-01-15,2027-01-20,Completed,BASE-8,BASE-9
OPERATION-5586,AIRCRAFT-399,Training,2027-01-15,2027-01-22,Planned,BASE-4,BASE-9
OPERATION-5587,AIRCRAFT-302,Mission,2027-01-15,2027-01-18,Planned,BASE-8,BASE-4
OPERATION-5588,AIRCRAFT-311,Test,2027-01-16,2027-01-26,Completed,BASE-4,BASE-1
OPERATION-5589,AIRCRAFT-294,Training,2027-01-16,2027-01-21,In Progress,BASE-2,BASE-3
OPERATION-559,AIRCRAFT-330,Test,2026-03-08,2026-03-10,In Progress,BASE-4,BASE-1
OPERATION-5590,AIRCRAFT-348,Training,2027-01-16,2027-01-20,In Progress,BASE-1,BASE-10
OPERATION-5591,AIRCRAFT-268,Test,2027-01-16,2027-01-27,In Progress,BASE-3,BASE-1
OPERATION-5592,AIRCRAFT-298,Training,2027-01-16,2027-01-23,Planned,BASE-6,BASE-2
OPERATION-5593,AIRCRAFT-136,Mission,2027-01-16,2027-01-28,Planned,BASE-3,BASE-6
OPERATION-5594,AIRCRAFT-120,Training,2027-01-16,2027-01-19,Completed,BASE-2,BASE-6
OPERATION-5595,AIRCRAFT-384,Test,2027-01-16,2027-01-27,In Progress,BASE-1,BASE-10
OPERATION-5596,AIRCRAFT-141,Training,2027-01-16,2027-01-24,Planned,BASE-3,BASE-5
OPERATION-5597,AIRCRAFT-371,Mission,2027-01-17,2027-01-29,Planned,BASE-10,BASE-10
OPERATION-5598,AIRCRAFT-423,Training,2027-01-17,2027-01-22,Planned,BASE-3,BASE-6
OPERATION-5599,AIRCRAFT-74,Mission,2027-01-17,2027-01-24,In Progress,BASE-9,BASE-2
OPERATION-56,AIRCRAFT-237,Mission,2026-02-02,2026-02-12,Completed,BASE-6,BASE-4
OPERATION-560,AIRCRAFT-165,Training,2026-03-08,2026-03-15,Planned,BASE-8,BASE-10
OPERATION-5600,AIRCRAFT-320,Test,2027-01-17,2027-01-19,In Progress,BASE-1,BASE-6
OPERATION-5601,AIRCRAFT-376,Test,2027-01-17,2027-01-24,In Progress,BASE-2,BASE-10
OPERATION-5602,AIRCRAFT-196,Training,2027-01-17,2027-02-01,Completed,BASE-8,BASE-6
OPERATION-5603,AIRCRAFT-69,Mission,2027-01-17,2027-01-28,In Progress,BASE-7,BASE-4
OPERATION-5604,AIRCRAFT-84,Test,2027-01-17,2027-01-22,Completed,BASE-3,BASE-5
OPERATION-5605,AIRCRAFT-32,Mission,2027-01-17,2027-01-30,In Progress,BASE-2,BASE-7
OPERATION-5606,AIRCRAFT-16,Test,2027-01-17,2027-01-21,Completed,BASE-9,BASE-6
OPERATION-5607,AIRCRAFT-315,Training,2027-01-17,2027-01-30,Planned,BASE-1,BASE-1
OPERATION-5608,AIRCRAFT-154,Training,2027-01-18,2027-01-31,Planned,BASE-5,BASE-3
OPERATION-5609,AIRCRAFT-362,Test,2027-01-18,2027-01-19,Completed,BASE-7,BASE-9
OPERATION-561,AIRCRAFT-332,Test,2026-03-08,2026-03-09,Completed,BASE-3,BASE-2
OPERATION-5610,AIRCRAFT-447,Test,2027-01-18,2027-01-29,In Progress,BASE-8,BASE-2
OPERATION-5611,AIRCRAFT-259,Test,2027-01-18,2027-01-27,Planned,BASE-7,BASE-1
OPERATION-5612,AIRCRAFT-128,Mission,2027-01-18,2027-01-19,Planned,BASE-2,BASE-5
OPERATION-5613,AIRCRAFT-176,Mission,2027-01-18,2027-01-31,Completed,BASE-4,BASE-10
OPERATION-5614,AIRCRAFT-494,Test,2027-01-18,2027-01-22,Completed,BASE-9,BASE-9
OPERATION-5615,AIRCRAFT-88,Test,2027-01-18,2027-01-21,Planned,BASE-1,BASE-5
OPERATION-5616,AIRCRAFT-199,Training,2027-01-18,2027-01-30,Planned,BASE-9,BASE-9
OPERATION-5617,AIRCRAFT-441,Test,2027-01-18,2027-01-21,In Progress,BASE-9,BASE-6
OPERATION-5618,AIRCRAFT-83,Test,2027-01-18,2027-01-20,In Progress,BASE-7,BASE-10
OPERATION-5619,AIRCRAFT-404,Test,2027-01-18,2027-01-19,Planned,BASE-10,BASE-7
OPERATION-562,AIRCRAFT-203,Test,2026-03-08,2026-03-08,Planned,BASE-3,BASE-8
OPERATION-5620,AIRCRAFT-435,Test,2027-01-18,2027-01-28,Completed,BASE-3,BASE-7
OPERATION-5621,AIRCRAFT-253,Test,2027-01-18,2027-02-02,Planned,BASE-1,BASE-8
OPERATION-5622,AIRCRAFT-51,Mission,2027-01-18,2027-01-22,Planned,BASE-9,BASE-2
OPERATION-5623,AIRCRAFT-450,Mission,2027-01-19,2027-01-28,Completed,BASE-4,BASE-8
OPERATION-5624,AIRCRAFT-380,Training,2027-01-19,2027-01-25,In Progress,BASE-1,BASE-8
OPERATION-5625,AIRCRAFT-119,Test,2027-01-19,2027-01-26,Planned,BASE-1,BASE-7
OPERATION-5626,AIRCRAFT-5,Test,2027-01-19,2027-02-02,Completed,BASE-10,BASE-6
OPERATION-5627,AIRCRAFT-301,Training,2027-01-19,2027-01-22,In Progress,BASE-10,BASE-9
OPERATION-5628,AIRCRAFT-425,Training,2027-01-19,2027-01-25,Planned,BASE-5,BASE-7
OPERATION-5629,AIRCRAFT-31,Test,2027-01-19,2027-02-03,Planned,BASE-7,BASE-7
OPERATION-563,AIRCRAFT-83,Test,2026-03-08,2026-03-19,Completed,BASE-5,BASE-3
OPERATION-5630,AIRCRAFT-458,Training,2027-01-19,2027-02-01,Planned,BASE-9,BASE-6
OPERATION-5631,AIRCRAFT-18,Mission,2027-01-19,2027-02-03,In Progress,BASE-5,BASE-6
OPERATION-5632,AIRCRAFT-137,Training,2027-01-19,2027-02-01,Completed,BASE-10,BASE-6
OPERATION-5633,AIRCRAFT-276,Training,2027-01-19,2027-01-31,Planned,BASE-2,BASE-9
OPERATION-5634,AIRCRAFT-454,Mission,2027-01-19,2027-01-20,Completed,BASE-3,BASE-1
OPERATION-5635,AIRCRAFT-212,Training,2027-01-19,2027-01-20,Completed,BASE-6,BASE-7
OPERATION-5636,AIRCRAFT-280,Mission,2027-01-19,2027-01-29,In Progress,BASE-8,BASE-8
OPERATION-5637,AIRCRAFT-111,Test,2027-01-19,2027-01-26,Planned,BASE-2,BASE-7
OPERATION-5638,AIRCRAFT-49,Mission,2027-01-19,2027-02-03,Completed,BASE-3,BASE-7
OPERATION-5639,AIRCRAFT-411,Training,2027-01-19,2027-01-22,Completed,BASE-8,BASE-3
OPERATION-564,AIRCRAFT-191,Test,2026-03-08,2026-03-19,In Progress,BASE-2,BASE-1
OPERATION-5640,AIRCRAFT-188,Mission,2027-01-19,2027-01-19,In Progress,BASE-1,BASE-3
OPERATION-5641,AIRCRAFT-345,Training,2027-01-19,2027-01-30,In Progress,BASE-1,BASE-1
OPERATION-5642,AIRCRAFT-350,Test,2027-01-19,2027-01-29,Planned,BASE-9,BASE-1
OPERATION-5643,AIRCRAFT-57,Training,2027-01-19,2027-01-25,Completed,BASE-8,BASE-4
OPERATION-5644,AIRCRAFT-220,Training,2027-01-19,2027-02-03,In Progress,BASE-2,BASE-7
OPERATION-5645,AIRCRAFT-254,Training,2027-01-20,2027-01-20,Planned,BASE-9,BASE-4
OPERATION-5646,AIRCRAFT-118,Mission,2027-01-20,2027-01-21,Completed,BASE-2,BASE-5
OPERATION-5647,AIRCRAFT-336,Mission,2027-01-20,2027-01-27,Completed,BASE-5,BASE-10
OPERATION-5648,AIRCRAFT-11,Training,2027-01-20,2027-01-27,Completed,BASE-5,BASE-2
OPERATION-5649,AIRCRAFT-79,Test,2027-01-20,2027-02-03,Completed,BASE-7,BASE-6
OPERATION-565,AIRCRAFT-453,Training,2026-03-08,2026-03-18,Completed,BASE-2,BASE-5
OPERATION-5650,AIRCRAFT-415,Training,2027-01-20,2027-01-28,Planned,BASE-9,BASE-10
OPERATION-5651,AIRCRAFT-251,Training,2027-01-20,2027-02-04,Planned,BASE-9,BASE-10
OPERATION-5652,AIRCRAFT-21,Mission,2027-01-21,2027-02-02,In Progress,BASE-3,BASE-8
OPERATION-5653,AIRCRAFT-95,Training,2027-01-21,2027-01-31,Planned,BASE-1,BASE-3
OPERATION-5654,AIRCRAFT-274,Mission,2027-01-21,2027-01-25,Planned,BASE-4,BASE-5
OPERATION-5655,AIRCRAFT-367,Training,2027-01-21,2027-01-22,Completed,BASE-8,BASE-8
OPERATION-5656,AIRCRAFT-230,Training,2027-01-21,2027-01-24,Planned,BASE-6,BASE-9
OPERATION-5657,AIRCRAFT-284,Mission,2027-01-21,2027-01-22,Completed,BASE-3,BASE-9
OPERATION-5658,AIRCRAFT-339,Mission,2027-01-21,2027-01-21,In Progress,BASE-7,BASE-7
OPERATION-5659,AIRCRAFT-484,Mission,2027-01-21,2027-01-22,Planned,BASE-4,BASE-10
OPERATION-566,AIRCRAFT-62,Training,2026-03-08,2026-03-10,Completed,BASE-6,BASE-1
OPERATION-5660,AIRCRAFT-449,Test,2027-01-21,2027-01-25,Completed,BASE-5,BASE-5
OPERATION-5661,AIRCRAFT-91,Mission,2027-01-21,2027-02-05,Completed,BASE-9,BASE-7
OPERATION-5662,AIRCRAFT-401,Mission,2027-01-21,2027-01-27,In Progress,BASE-3,BASE-8
OPERATION-5663,AIRCRAFT-94,Training,2027-01-21,2027-02-02,Completed,BASE-5,BASE-5
OPERATION-5664,AIRCRAFT-207,Mission,2027-01-21,2027-01-30,Planned,BASE-3,BASE-5
OPERATION-5665,AIRCRAFT-279,Test,2027-01-21,2027-01-25,Completed,BASE-7,BASE-4
OPERATION-5666,AIRCRAFT-275,Training,2027-01-21,2027-01-23,Planned,BASE-8,BASE-2
OPERATION-5667,AIRCRAFT-373,Mission,2027-01-21,2027-01-30,Planned,BASE-2,BASE-2
OPERATION-5668,AIRCRAFT-206,Training,2027-01-21,2027-01-22,Completed,BASE-7,BASE-10
OPERATION-5669,AIRCRAFT-289,Mission,2027-01-21,2027-01-24,Completed,BASE-4,BASE-10
OPERATION-567,AIRCRAFT-231,Training,2026-03-08,2026-03-23,Planned,BASE-5,BASE-2
OPERATION-5670,AIRCRAFT-102,Training,2027-01-21,2027-02-03,Planned,BASE-1,BASE-5
OPERATION-5671,AIRCRAFT-17,Test,2027-01-21,2027-02-04,Completed,BASE-2,BASE-2
OPERATION-5672,AIRCRAFT-334,Training,2027-01-21,2027-01-25,Completed,BASE-10,BASE-3
OPERATION-5673,AIRCRAFT-461,Training,2027-01-21,2027-01-30,Completed,BASE-9,BASE-4
OPERATION-5674,AIRCRAFT-15,Mission,2027-01-21,2027-01-30,Planned,BASE-5,BASE-2
OPERATION-5675,AIRCRAFT-171,Mission,2027-01-21,2027-01-29,Planned,BASE-9,BASE-2
OPERATION-5676,AIRCRAFT-7,Test,2027-01-21,2027-01-24,Planned,BASE-5,BASE-1
OPERATION-5677,AIRCRAFT-166,Test,2027-01-21,2027-01-31,Completed,BASE-4,BASE-3
OPERATION-5678,AIRCRAFT-430,Test,2027-01-22,2027-01-25,Completed,BASE-1,BASE-5
OPERATION-5679,AIRCRAFT-434,Mission,2027-01-22,2027-01-31,Completed,BASE-6,BASE-7
OPERATION-568,AIRCRAFT-271,Test,2026-03-08,2026-03-11,Completed,BASE-1,BASE-1
OPERATION-5680,AIRCRAFT-77,Test,2027-01-22,2027-01-22,In Progress,BASE-1,BASE-7
OPERATION-5681,AIRCRAFT-179,Training,2027-01-22,2027-02-05,Completed,BASE-9,BASE-8
OPERATION-5682,AIRCRAFT-153,Mission,2027-01-22,2027-01-28,Planned,BASE-2,BASE-5
OPERATION-5683,AIRCRAFT-398,Training,2027-01-22,2027-02-02,In Progress,BASE-8,BASE-3
OPERATION-5684,AIRCRAFT-448,Training,2027-01-22,2027-01-26,Completed,BASE-8,BASE-10
OPERATION-5685,AIRCRAFT-142,Training,2027-01-22,2027-01-30,Completed,BASE-5,BASE-1
OPERATION-5686,AIRCRAFT-263,Training,2027-01-22,2027-01-29,In Progress,BASE-5,BASE-10
OPERATION-5687,AIRCRAFT-10,Test,2027-01-22,2027-02-05,Planned,BASE-4,BASE-10
OPERATION-5688,AIRCRAFT-278,Training,2027-01-22,2027-01-25,Completed,BASE-10,BASE-5
OPERATION-5689,AIRCRAFT-90,Training,2027-01-23,2027-01-28,In Progress,BASE-2,BASE-1
OPERATION-569,AIRCRAFT-286,Mission,2026-03-08,2026-03-08,In Progress,BASE-6,BASE-7
OPERATION-5690,AIRCRAFT-114,Mission,2027-01-23,2027-02-04,Planned,BASE-7,BASE-8
OPERATION-5691,AIRCRAFT-267,Mission,2027-01-23,2027-02-03,Completed,BASE-9,BASE-1
OPERATION-5692,AIRCRAFT-38,Mission,2027-01-24,2027-02-08,Planned,BASE-1,BASE-2
OPERATION-5693,AIRCRAFT-47,Test,2027-01-24,2027-01-24,In Progress,BASE-6,BASE-5
OPERATION-5694,AIRCRAFT-173,Mission,2027-01-24,2027-02-06,In Progress,BASE-4,BASE-7
OPERATION-5695,AIRCRAFT-375,Training,2027-01-24,2027-01-25,Planned,BASE-1,BASE-5
OPERATION-5696,AIRCRAFT-306,Test,2027-01-24,2027-02-07,In Progress,BASE-8,BASE-10
OPERATION-5697,AIRCRAFT-491,Training,2027-01-24,2027-02-02,Completed,BASE-10,BASE-9
OPERATION-5698,AIRCRAFT-459,Training,2027-01-24,2027-02-01,Completed,BASE-2,BASE-8
OPERATION-5699,AIRCRAFT-272,Training,2027-01-24,2027-01-24,Planned,BASE-1,BASE-1
OPERATION-57,AIRCRAFT-302,Mission,2026-02-02,2026-02-10,Completed,BASE-5,BASE-8
OPERATION-570,AIRCRAFT-238,Mission,2026-03-08,2026-03-12,Completed,BASE-7,BASE-4
OPERATION-5700,AIRCRAFT-428,Mission,2027-01-24,2027-02-07,Planned,BASE-8,BASE-8
OPERATION-5701,AIRCRAFT-439,Training,2027-01-24,2027-01-31,Completed,BASE-5,BASE-10
OPERATION-5702,AIRCRAFT-242,Mission,2027-01-24,2027-01-30,In Progress,BASE-9,BASE-2
OPERATION-5703,AIRCRAFT-158,Training,2027-01-24,2027-01-27,Planned,BASE-10,BASE-7
OPERATION-5704,AIRCRAFT-13,Training,2027-01-25,2027-01-26,Completed,BASE-1,BASE-3
OPERATION-5705,AIRCRAFT-296,Training,2027-01-25,2027-01-27,In Progress,BASE-2,BASE-6
OPERATION-5706,AIRCRAFT-75,Training,2027-01-25,2027-02-04,In Progress,BASE-5,BASE-4
OPERATION-5707,AIRCRAFT-269,Test,2027-01-25,2027-02-01,Completed,BASE-9,BASE-5
OPERATION-5708,AIRCRAFT-353,Training,2027-01-25,2027-02-07,Planned,BASE-4,BASE-10
OPERATION-5709,AIRCRAFT-451,Test,2027-01-25,2027-01-28,Planned,BASE-4,BASE-4
OPERATION-571,AIRCRAFT-290,Training,2026-03-08,2026-03-18,Completed,BASE-6,BASE-5
OPERATION-5710,AIRCRAFT-281,Mission,2027-01-25,2027-02-05,Planned,BASE-5,BASE-10
OPERATION-5711,AIRCRAFT-387,Test,2027-01-25,2027-01-30,In Progress,BASE-6,BASE-4
OPERATION-5712,AIRCRAFT-187,Test,2027-01-25,2027-02-06,Completed,BASE-8,BASE-8
OPERATION-5713,AIRCRAFT-183,Training,2027-01-25,2027-02-01,Planned,BASE-10,BASE-5
OPERATION-5714,AIRCRAFT-22,Training,2027-01-25,2027-02-07,Completed,BASE-8,BASE-3
OPERATION-5715,AIRCRAFT-63,Training,2027-01-25,2027-01-31,Completed,BASE-7,BASE-6
OPERATION-5716,AIRCRAFT-218,Training,2027-01-25,2027-02-01,Completed,BASE-7,BASE-9
OPERATION-5717,AIRCRAFT-175,Training,2027-01-25,2027-02-08,Completed,BASE-2,BASE-4
OPERATION-5718,AIRCRAFT-80,Mission,2027-01-25,2027-02-02,Planned,BASE-8,BASE-10
OPERATION-5719,AIRCRAFT-427,Mission,2027-01-25,2027-02-06,In Progress,BASE-1,BASE-6
OPERATION-572,AIRCRAFT-406,Mission,2026-03-08,2026-03-10,Completed,BASE-1,BASE-3
OPERATION-5720,AIRCRAFT-68,Test,2027-01-25,2027-02-05,Planned,BASE-8,BASE-4
OPERATION-5721,AIRCRAFT-446,Test,2027-01-25,2027-02-04,Planned,BASE-2,BASE-2
OPERATION-5722,AIRCRAFT-204,Training,2027-01-25,2027-02-06,Planned,BASE-7,BASE-10
OPERATION-5723,AIRCRAFT-386,Training,2027-01-25,2027-01-31,In Progress,BASE-5,BASE-7
OPERATION-5724,AIRCRAFT-55,Test,2027-01-25,2027-01-31,Completed,BASE-8,BASE-1
OPERATION-5725,AIRCRAFT-33,Test,2027-01-25,2027-01-28,Completed,BASE-6,BASE-6
OPERATION-5726,AIRCRAFT-103,Mission,2027-01-25,2027-02-09,Completed,BASE-4,BASE-5
OPERATION-5727,AIRCRAFT-467,Test,2027-01-25,2027-01-29,Planned,BASE-9,BASE-7
OPERATION-5728,AIRCRAFT-223,Training,2027-01-25,2027-02-06,In Progress,BASE-3,BASE-10
OPERATION-5729,AIRCRAFT-357,Mission,2027-01-25,2027-01-26,Completed,BASE-3,BASE-7
OPERATION-573,AIRCRAFT-92,Mission,2026-03-08,2026-03-15,In Progress,BASE-2,BASE-8
OPERATION-5730,AIRCRAFT-106,Mission,2027-01-25,2027-01-26,Completed,BASE-2,BASE-2
OPERATION-5731,AIRCRAFT-170,Training,2027-01-26,2027-01-27,In Progress,BASE-2,BASE-7
OPERATION-5732,AIRCRAFT-462,Mission,2027-01-26,2027-01-28,Completed,BASE-5,BASE-5
OPERATION-5733,AIRCRAFT-216,Mission,2027-01-26,2027-01-28,Planned,BASE-1,BASE-1
OPERATION-5734,AIRCRAFT-252,Test,2027-01-26,2027-01-30,In Progress,BASE-7,BASE-10
OPERATION-5735,AIRCRAFT-96,Training,2027-01-26,2027-01-27,In Progress,BASE-3,BASE-4
OPERATION-5736,AIRCRAFT-162,Mission,2027-01-26,2027-02-01,In Progress,BASE-5,BASE-9
OPERATION-5737,AIRCRAFT-489,Test,2027-01-26,2027-01-29,In Progress,BASE-4,BASE-7
OPERATION-5738,AIRCRAFT-356,Test,2027-01-26,2027-02-06,In Progress,BASE-2,BASE-10
OPERATION-5739,AIRCRAFT-203,Mission,2027-01-26,2027-01-30,Completed,BASE-9,BASE-3
OPERATION-574,AIRCRAFT-354,Training,2026-03-08,2026-03-17,Planned,BASE-9,BASE-8
OPERATION-5740,AIRCRAFT-122,Training,2027-01-26,2027-01-30,Planned,BASE-2,BASE-9
OPERATION-5741,AIRCRAFT-337,Mission,2027-01-26,2027-02-07,In Progress,BASE-7,BASE-2
OPERATION-5742,AIRCRAFT-129,Mission,2027-01-26,2027-02-02,Planned,BASE-7,BASE-5
OPERATION-5743,AIRCRAFT-456,Test,2027-01-26,2027-01-29,Planned,BASE-7,BASE-9
OPERATION-5744,AIRCRAFT-361,Test,2027-01-26,2027-02-01,Completed,BASE-10,BASE-2
OPERATION-5745,AIRCRAFT-477,Training,2027-01-26,2027-02-08,In Progress,BASE-1,BASE-4
OPERATION-5746,AIRCRAFT-290,Test,2027-01-26,2027-01-30,Completed,BASE-2,BASE-10
OPERATION-5747,AIRCRAFT-249,Training,2027-01-26,2027-02-02,Planned,BASE-9,BASE-3
OPERATION-5748,AIRCRAFT-475,Mission,2027-01-26,2027-02-07,Planned,BASE-7,BASE-10
OPERATION-5749,AIRCRAFT-483,Test,2027-01-26,2027-02-02,In Progress,BASE-10,BASE-10
OPERATION-575,AIRCRAFT-405,Mission,2026-03-08,2026-03-08,In Progress,BASE-10,BASE-5
OPERATION-5750,AIRCRAFT-240,Mission,2027-01-26,2027-02-05,In Progress,BASE-3,BASE-10
OPERATION-5751,AIRCRAFT-319,Training,2027-01-26,2027-02-08,In Progress,BASE-9,BASE-5
OPERATION-5752,AIRCRAFT-46,Test,2027-01-26,2027-02-02,Completed,BASE-9,BASE-7
OPERATION-5753,AIRCRAFT-192,Mission,2027-01-27,2027-01-30,In Progress,BASE-4,BASE-4
OPERATION-5754,AIRCRAFT-421,Training,2027-01-27,2027-01-28,Planned,BASE-10,BASE-9
OPERATION-5755,AIRCRAFT-35,Test,2027-01-27,2027-01-27,In Progress,BASE-8,BASE-2
OPERATION-5756,AIRCRAFT-347,Test,2027-01-27,2027-02-06,In Progress,BASE-10,BASE-1
OPERATION-5757,AIRCRAFT-232,Training,2027-01-27,2027-02-08,Completed,BASE-8,BASE-10
OPERATION-5758,AIRCRAFT-235,Training,2027-01-27,2027-01-28,Completed,BASE-2,BASE-3
OPERATION-5759,AIRCRAFT-313,Training,2027-01-27,2027-01-27,Planned,BASE-8,BASE-3
OPERATION-576,AIRCRAFT-466,Training,2026-03-09,2026-03-16,Completed,BASE-8,BASE-4
OPERATION-5760,AIRCRAFT-42,Mission,2027-01-27,2027-01-30,Completed,BASE-7,BASE-7
OPERATION-5761,AIRCRAFT-270,Mission,2027-01-27,2027-01-27,Planned,BASE-6,BASE-9
OPERATION-5762,AIRCRAFT-157,Test,2027-01-27,2027-02-05,Planned,BASE-3,BASE-10
OPERATION-5763,AIRCRAFT-379,Test,2027-01-27,2027-02-06,Completed,BASE-10,BASE-10
OPERATION-5764,AIRCRAFT-478,Mission,2027-01-27,2027-02-11,Completed,BASE-8,BASE-10
OPERATION-5765,AIRCRAFT-391,Training,2027-01-27,2027-02-02,Completed,BASE-6,BASE-6
OPERATION-5766,AIRCRAFT-217,Training,2027-01-27,2027-01-29,Completed,BASE-8,BASE-5
OPERATION-5767,AIRCRAFT-159,Mission,2027-01-27,2027-01-29,In Progress,BASE-4,BASE-7
OPERATION-5768,AIRCRAFT-108,Mission,2027-01-27,2027-02-10,Completed,BASE-9,BASE-7
OPERATION-5769,AIRCRAFT-393,Training,2027-01-27,2027-01-31,Completed,BASE-8,BASE-7
OPERATION-577,AIRCRAFT-208,Mission,2026-03-09,2026-03-16,In Progress,BASE-1,BASE-4
OPERATION-5770,AIRCRAFT-231,Training,2027-01-28,2027-01-31,Completed,BASE-5,BASE-3
OPERATION-5771,AIRCRAFT-266,Mission,2027-01-28,2027-02-03,Planned,BASE-9,BASE-1
OPERATION-5772,AIRCRAFT-414,Mission,2027-01-28,2027-02-08,Planned,BASE-9,BASE-3
OPERATION-5773,AIRCRAFT-308,Test,2027-01-28,2027-02-02,Completed,BASE-3,BASE-9
OPERATION-5774,AIRCRAFT-222,Mission,2027-01-29,2027-02-05,Planned,BASE-8,BASE-9
OPERATION-5775,AIRCRAFT-152,Mission,2027-01-29,2027-02-04,Completed,BASE-8,BASE-4
OPERATION-5776,AIRCRAFT-349,Training,2027-01-29,2027-02-11,Completed,BASE-6,BASE-3
OPERATION-5777,AIRCRAFT-100,Training,2027-01-29,2027-02-03,Planned,BASE-1,BASE-2
OPERATION-5778,AIRCRAFT-117,Test,2027-01-29,2027-02-12,In Progress,BASE-3,BASE-9
OPERATION-5779,AIRCRAFT-29,Test,2027-01-29,2027-02-13,Planned,BASE-7,BASE-3
OPERATION-578,AIRCRAFT-104,Training,2026-03-09,2026-03-20,Planned,BASE-7,BASE-5
OPERATION-5780,AIRCRAFT-86,Test,2027-01-29,2027-02-13,In Progress,BASE-4,BASE-7
OPERATION-5781,AIRCRAFT-145,Mission,2027-01-29,2027-02-08,Completed,BASE-6,BASE-6
OPERATION-5782,AIRCRAFT-167,Test,2027-01-29,2027-02-08,Completed,BASE-1,BASE-1
OPERATION-5783,AIRCRAFT-160,Mission,2027-01-29,2027-02-09,Completed,BASE-2,BASE-10
OPERATION-5784,AIRCRAFT-490,Training,2027-01-29,2027-02-07,Completed,BASE-3,BASE-3
OPERATION-5785,AIRCRAFT-233,Mission,2027-01-29,2027-02-11,Completed,BASE-1,BASE-1
OPERATION-5786,AIRCRAFT-403,Mission,2027-01-29,2027-02-04,In Progress,BASE-3,BASE-3
OPERATION-5787,AIRCRAFT-338,Mission,2027-01-29,2027-02-05,Planned,BASE-9,BASE-4
OPERATION-5788,AIRCRAFT-245,Test,2027-01-29,2027-01-29,In Progress,BASE-3,BASE-5
OPERATION-5789,AIRCRAFT-346,Mission,2027-01-30,2027-02-13,Completed,BASE-2,BASE-7
OPERATION-579,AIRCRAFT-247,Test,2026-03-09,2026-03-12,Planned,BASE-7,BASE-8
OPERATION-5790,AIRCRAFT-60,Mission,2027-01-30,2027-02-03,Completed,BASE-2,BASE-7
OPERATION-5791,AIRCRAFT-27,Mission,2027-01-30,2027-02-11,In Progress,BASE-7,BASE-10
OPERATION-5792,AIRCRAFT-61,Training,2027-01-30,2027-02-11,Completed,BASE-5,BASE-1
OPERATION-5793,AIRCRAFT-258,Mission,2027-01-30,2027-02-06,In Progress,BASE-6,BASE-5
OPERATION-5794,AIRCRAFT-144,Mission,2027-01-30,2027-02-07,In Progress,BASE-2,BASE-7
OPERATION-5795,AIRCRAFT-305,Test,2027-01-30,2027-02-11,In Progress,BASE-1,BASE-1
OPERATION-58,AIRCRAFT-490,Mission,2026-02-02,2026-02-12,Planned,BASE-8,BASE-10
OPERATION-580,AIRCRAFT-20,Test,2026-03-09,2026-03-10,In Progress,BASE-2,BASE-1
OPERATION-581,AIRCRAFT-70,Training,2026-03-09,2026-03-16,Completed,BASE-6,BASE-8
OPERATION-582,AIRCRAFT-17,Test,2026-03-09,2026-03-11,Planned,BASE-7,BASE-2
OPERATION-583,AIRCRAFT-451,Test,2026-03-09,2026-03-10,Planned,BASE-4,BASE-5
OPERATION-584,AIRCRAFT-344,Training,2026-03-09,2026-03-17,Completed,BASE-6,BASE-6
OPERATION-585,AIRCRAFT-302,Mission,2026-03-09,2026-03-23,Planned,BASE-4,BASE-3
OPERATION-586,AIRCRAFT-215,Mission,2026-03-09,2026-03-12,Planned,BASE-8,BASE-8
OPERATION-587,AIRCRAFT-43,Mission,2026-03-09,2026-03-19,Completed,BASE-6,BASE-4
OPERATION-588,AIRCRAFT-337,Training,2026-03-09,2026-03-23,In Progress,BASE-2,BASE-2
OPERATION-589,AIRCRAFT-33,Test,2026-03-09,2026-03-14,Completed,BASE-10,BASE-1
OPERATION-59,AIRCRAFT-138,Test,2026-02-02,2026-02-05,Planned,BASE-9,BASE-5
OPERATION-590,AIRCRAFT-361,Mission,2026-03-09,2026-03-15,Planned,BASE-4,BASE-6
OPERATION-591,AIRCRAFT-8,Mission,2026-03-09,2026-03-21,Completed,BASE-5,BASE-5
OPERATION-592,AIRCRAFT-121,Training,2026-03-09,2026-03-14,In Progress,BASE-9,BASE-9
OPERATION-593,AIRCRAFT-173,Training,2026-03-09,2026-03-16,Planned,BASE-3,BASE-2
OPERATION-594,AIRCRAFT-148,Mission,2026-03-09,2026-03-09,Planned,BASE-4,BASE-7
OPERATION-595,AIRCRAFT-166,Test,2026-03-09,2026-03-20,Completed,BASE-5,BASE-2
OPERATION-596,AIRCRAFT-151,Mission,2026-03-09,2026-03-09,Completed,BASE-8,BASE-3
OPERATION-597,AIRCRAFT-374,Mission,2026-03-09,2026-03-11,Planned,BASE-8,BASE-1
OPERATION-598,AIRCRAFT-470,Test,2026-03-09,2026-03-14,In Progress,BASE-8,BASE-1
OPERATION-599,AIRCRAFT-467,Mission,2026-03-09,2026-03-21,In Progress,BASE-4,BASE-3
OPERATION-6,AIRCRAFT-258,Training,2026-01-31,2026-02-13,Planned,BASE-4,BASE-6
OPERATION-60,AIRCRAFT-281,Mission,2026-02-02,2026-02-06,Planned,BASE-6,BASE-5
OPERATION-600,AIRCRAFT-463,Mission,2026-03-10,2026-03-18,Planned,BASE-10,BASE-10
OPERATION-601,AIRCRAFT-323,Training,2026-03-10,2026-03-17,In Progress,BASE-9,BASE-8
OPERATION-602,AIRCRAFT-167,Training,2026-03-10,2026-03-11,In Progress,BASE-3,BASE-7
OPERATION-603,AIRCRAFT-82,Mission,2026-03-10,2026-03-16,Completed,BASE-9,BASE-1
OPERATION-604,AIRCRAFT-383,Training,2026-03-10,2026-03-22,Completed,BASE-8,BASE-6
OPERATION-605,AIRCRAFT-411,Training,2026-03-10,2026-03-20,Planned,BASE-1,BASE-6
OPERATION-606,AIRCRAFT-12,Training,2026-03-10,2026-03-17,Planned,BASE-8,BASE-9
OPERATION-607,AIRCRAFT-274,Mission,2026-03-10,2026-03-21,Planned,BASE-4,BASE-4
OPERATION-608,AIRCRAFT-95,Test,2026-03-10,2026-03-18,Planned,BASE-4,BASE-10
OPERATION-609,AIRCRAFT-340,Mission,2026-03-11,2026-03-23,Planned,BASE-4,BASE-10
OPERATION-61,AIRCRAFT-327,Test,2026-02-02,2026-02-07,Completed,BASE-5,BASE-10
OPERATION-610,AIRCRAFT-347,Test,2026-03-11,2026-03-21,Planned,BASE-6,BASE-10
OPERATION-611,AIRCRAFT-5,Mission,2026-03-11,2026-03-15,In Progress,BASE-9,BASE-5
OPERATION-612,AIRCRAFT-449,Mission,2026-03-11,2026-03-16,Planned,BASE-1,BASE-4
OPERATION-613,AIRCRAFT-112,Test,2026-03-11,2026-03-18,In Progress,BASE-1,BASE-6
OPERATION-614,AIRCRAFT-192,Training,2026-03-11,2026-03-17,Completed,BASE-3,BASE-6
OPERATION-615,AIRCRAFT-114,Mission,2026-03-11,2026-03-12,Completed,BASE-3,BASE-2
OPERATION-616,AIRCRAFT-150,Training,2026-03-11,2026-03-22,Completed,BASE-7,BASE-10
OPERATION-617,AIRCRAFT-329,Training,2026-03-11,2026-03-14,In Progress,BASE-3,BASE-3
OPERATION-618,AIRCRAFT-454,Test,2026-03-11,2026-03-24,In Progress,BASE-3,BASE-9
OPERATION-619,AIRCRAFT-251,Test,2026-03-11,2026-03-22,Completed,BASE-3,BASE-7
OPERATION-62,AIRCRAFT-448,Test,2026-02-02,2026-02-02,In Progress,BASE-2,BASE-3
OPERATION-620,AIRCRAFT-300,Mission,2026-03-11,2026-03-20,Planned,BASE-1,BASE-10
OPERATION-621,AIRCRAFT-65,Mission,2026-03-11,2026-03-23,Planned,BASE-10,BASE-6
OPERATION-622,AIRCRAFT-64,Mission,2026-03-11,2026-03-18,In Progress,BASE-3,BASE-6
OPERATION-623,AIRCRAFT-263,Training,2026-03-11,2026-03-13,In Progress,BASE-3,BASE-2
OPERATION-624,AIRCRAFT-423,Mission,2026-03-11,2026-03-21,In Progress,BASE-4,BASE-4
OPERATION-625,AIRCRAFT-353,Training,2026-03-11,2026-03-13,Planned,BASE-1,BASE-1
OPERATION-626,AIRCRAFT-420,Test,2026-03-11,2026-03-23,In Progress,BASE-3,BASE-7
OPERATION-627,AIRCRAFT-378,Training,2026-03-11,2026-03-26,Completed,BASE-7,BASE-2
OPERATION-628,AIRCRAFT-81,Test,2026-03-11,2026-03-26,Completed,BASE-4,BASE-3
OPERATION-629,AIRCRAFT-152,Mission,2026-03-11,2026-03-25,In Progress,BASE-1,BASE-6
OPERATION-63,AIRCRAFT-162,Mission,2026-02-02,2026-02-10,Completed,BASE-9,BASE-3
OPERATION-630,AIRCRAFT-181,Mission,2026-03-11,2026-03-19,In Progress,BASE-3,BASE-7
OPERATION-631,AIRCRAFT-156,Test,2026-03-11,2026-03-16,Planned,BASE-6,BASE-10
OPERATION-632,AIRCRAFT-122,Training,2026-03-11,2026-03-26,Completed,BASE-3,BASE-10
OPERATION-633,AIRCRAFT-22,Mission,2026-03-11,2026-03-24,Planned,BASE-6,BASE-4
OPERATION-634,AIRCRAFT-409,Test,2026-03-11,2026-03-17,Completed,BASE-9,BASE-5
OPERATION-635,AIRCRAFT-314,Mission,2026-03-11,2026-03-20,Planned,BASE-1,BASE-7
OPERATION-636,AIRCRAFT-217,Mission,2026-03-11,2026-03-26,In Progress,BASE-1,BASE-7
OPERATION-637,AIRCRAFT-473,Mission,2026-03-12,2026-03-21,Planned,BASE-1,BASE-4
OPERATION-638,AIRCRAFT-31,Mission,2026-03-12,2026-03-17,In Progress,BASE-2,BASE-5
OPERATION-639,AIRCRAFT-469,Training,2026-03-12,2026-03-24,Completed,BASE-5,BASE-2
OPERATION-64,AIRCRAFT-25,Test,2026-02-02,2026-02-10,Planned,BASE-6,BASE-4
OPERATION-640,AIRCRAFT-233,Training,2026-03-13,2026-03-25,In Progress,BASE-6,BASE-3
OPERATION-641,AIRCRAFT-130,Training,2026-03-13,2026-03-27,In Progress,BASE-8,BASE-5
OPERATION-642,AIRCRAFT-287,Test,2026-03-13,2026-03-20,Planned,BASE-3,BASE-2
OPERATION-643,AIRCRAFT-357,Test,2026-03-13,2026-03-15,In Progress,BASE-10,BASE-4
OPERATION-644,AIRCRAFT-394,Test,2026-03-13,2026-03-14,In Progress,BASE-9,BASE-8
OPERATION-645,AIRCRAFT-468,Training,2026-03-13,2026-03-20,Planned,BASE-7,BASE-1
OPERATION-646,AIRCRAFT-193,Training,2026-03-13,2026-03-17,Planned,BASE-3,BASE-4
OPERATION-647,AIRCRAFT-198,Mission,2026-03-13,2026-03-19,In Progress,BASE-2,BASE-7
OPERATION-648,AIRCRAFT-211,Test,2026-03-13,2026-03-19,In Progress,BASE-6,BASE-2
OPERATION-649,AIRCRAFT-399,Test,2026-03-13,2026-03-15,In Progress,BASE-9,BASE-6
OPERATION-65,AIRCRAFT-366,Training,2026-02-02,2026-02-10,In Progress,BASE-1,BASE-2
OPERATION-650,AIRCRAFT-52,Training,2026-03-13,2026-03-21,Planned,BASE-10,BASE-10
OPERATION-651,AIRCRAFT-187,Training,2026-03-13,2026-03-26,Planned,BASE-3,BASE-10
OPERATION-652,AIRCRAFT-184,Test,2026-03-13,2026-03-16,Planned,BASE-5,BASE-9
OPERATION-653,AIRCRAFT-421,Training,2026-03-13,2026-03-24,In Progress,BASE-8,BASE-10
OPERATION-654,AIRCRAFT-128,Mission,2026-03-13,2026-03-28,In Progress,BASE-7,BASE-3
OPERATION-655,AIRCRAFT-129,Training,2026-03-13,2026-03-25,In Progress,BASE-4,BASE-1
OPERATION-656,AIRCRAFT-30,Training,2026-03-13,2026-03-28,Planned,BASE-6,BASE-5
OPERATION-657,AIRCRAFT-310,Training,2026-03-13,2026-03-22,Completed,BASE-2,BASE-4
OPERATION-658,AIRCRAFT-327,Test,2026-03-13,2026-03-17,In Progress,BASE-6,BASE-5
OPERATION-659,AIRCRAFT-175,Mission,2026-03-13,2026-03-26,In Progress,BASE-4,BASE-7
OPERATION-66,AIRCRAFT-9,Training,2026-02-02,2026-02-15,Planned,BASE-1,BASE-6
OPERATION-660,AIRCRAFT-66,Training,2026-03-13,2026-03-28,Planned,BASE-9,BASE-3
OPERATION-661,AIRCRAFT-497,Training,2026-03-14,2026-03-23,Planned,BASE-9,BASE-10
OPERATION-662,AIRCRAFT-232,Mission,2026-03-14,2026-03-14,Planned,BASE-1,BASE-4
OPERATION-663,AIRCRAFT-464,Mission,2026-03-14,2026-03-15,In Progress,BASE-4,BASE-5
OPERATION-664,AIRCRAFT-486,Training,2026-03-15,2026-03-29,Completed,BASE-2,BASE-1
OPERATION-665,AIRCRAFT-377,Training,2026-03-15,2026-03-22,Completed,BASE-8,BASE-3
OPERATION-666,AIRCRAFT-97,Test,2026-03-15,2026-03-30,In Progress,BASE-6,BASE-3
OPERATION-667,AIRCRAFT-164,Training,2026-03-15,2026-03-23,Planned,BASE-7,BASE-1
OPERATION-668,AIRCRAFT-89,Mission,2026-03-15,2026-03-20,Planned,BASE-4,BASE-4
OPERATION-669,AIRCRAFT-408,Test,2026-03-15,2026-03-23,Planned,BASE-1,BASE-8
OPERATION-67,AIRCRAFT-436,Training,2026-02-02,2026-02-06,Planned,BASE-8,BASE-9
OPERATION-670,AIRCRAFT-228,Test,2026-03-15,2026-03-19,Planned,BASE-4,BASE-5
OPERATION-671,AIRCRAFT-293,Training,2026-03-15,2026-03-24,In Progress,BASE-6,BASE-8
OPERATION-672,AIRCRAFT-256,Training,2026-03-15,2026-03-23,In Progress,BASE-9,BASE-10
OPERATION-673,AIRCRAFT-180,Mission,2026-03-15,2026-03-27,Completed,BASE-6,BASE-9
OPERATION-674,AIRCRAFT-32,Test,2026-03-15,2026-03-24,Planned,BASE-8,BASE-2
OPERATION-675,AIRCRAFT-298,Test,2026-03-15,2026-03-25,In Progress,BASE-5,BASE-5
OPERATION-676,AIRCRAFT-240,Mission,2026-03-16,2026-03-25,Completed,BASE-4,BASE-1
OPERATION-677,AIRCRAFT-348,Test,2026-03-16,2026-03-28,Planned,BASE-1,BASE-8
OPERATION-678,AIRCRAFT-284,Training,2026-03-16,2026-03-25,In Progress,BASE-7,BASE-1
OPERATION-679,AIRCRAFT-368,Test,2026-03-16,2026-03-22,Completed,BASE-4,BASE-9
OPERATION-68,AIRCRAFT-398,Mission,2026-02-02,2026-02-15,Planned,BASE-2,BASE-3
OPERATION-680,AIRCRAFT-382,Test,2026-03-16,2026-03-31,In Progress,BASE-3,BASE-9
OPERATION-681,AIRCRAFT-321,Mission,2026-03-16,2026-03-21,In Progress,BASE-3,BASE-5
OPERATION-682,AIRCRAFT-364,Test,2026-03-16,2026-03-21,Planned,BASE-4,BASE-6
OPERATION-683,AIRCRAFT-339,Training,2026-03-16,2026-03-23,In Progress,BASE-6,BASE-5
OPERATION-684,AIRCRAFT-481,Mission,2026-03-16,2026-03-25,In Progress,BASE-1,BASE-10
OPERATION-685,AIRCRAFT-488,Mission,2026-03-16,2026-03-18,Completed,BASE-2,BASE-7
OPERATION-686,AIRCRAFT-442,Mission,2026-03-16,2026-03-25,Planned,BASE-3,BASE-4
OPERATION-687,AIRCRAFT-439,Test,2026-03-16,2026-03-26,In Progress,BASE-3,BASE-6
OPERATION-688,AIRCRAFT-158,Training,2026-03-16,2026-03-21,In Progress,BASE-3,BASE-6
OPERATION-689,AIRCRAFT-101,Training,2026-03-16,2026-03-17,In Progress,BASE-4,BASE-3
OPERATION-69,AIRCRAFT-95,Training,2026-02-02,2026-02-03,Completed,BASE-9,BASE-3
OPERATION-690,AIRCRAFT-54,Mission,2026-03-16,2026-03-21,Planned,BASE-10,BASE-7
OPERATION-691,AIRCRAFT-438,Training,2026-03-16,2026-03-29,In Progress,BASE-7,BASE-1
OPERATION-692,AIRCRAFT-94,Mission,2026-03-16,2026-03-17,Completed,BASE-6,BASE-1
OPERATION-693,AIRCRAFT-91,Mission,2026-03-16,2026-03-26,Planned,BASE-1,BASE-4
OPERATION-694,AIRCRAFT-380,Training,2026-03-16,2026-03-23,Planned,BASE-2,BASE-7
OPERATION-695,AIRCRAFT-229,Mission,2026-03-16,2026-03-25,Planned,BASE-5,BASE-5
OPERATION-696,AIRCRAFT-88,Test,2026-03-16,2026-03-30,Completed,BASE-6,BASE-7
OPERATION-697,AIRCRAFT-371,Training,2026-03-17,2026-03-21,In Progress,BASE-4,BASE-3
OPERATION-698,AIRCRAFT-11,Mission,2026-03-17,2026-03-29,Planned,BASE-3,BASE-4
OPERATION-699,AIRCRAFT-53,Mission,2026-03-17,2026-03-17,Planned,BASE-6,BASE-1
OPERATION-7,AIRCRAFT-143,Training,2026-01-31,2026-02-03,Planned,BASE-6,BASE-6
OPERATION-70,AIRCRAFT-17,Mission,2026-02-02,2026-02-15,In Progress,BASE-6,BASE-1
OPERATION-700,AIRCRAFT-285,Test,2026-03-17,2026-03-29,Completed,BASE-1,BASE-10
OPERATION-701,AIRCRAFT-189,Test,2026-03-17,2026-03-18,Planned,BASE-1,BASE-2
OPERATION-702,AIRCRAFT-460,Training,2026-03-17,2026-03-30,Planned,BASE-9,BASE-5
OPERATION-703,AIRCRAFT-222,Mission,2026-03-17,2026-04-01,Completed,BASE-1,BASE-5
OPERATION-704,AIRCRAFT-183,Test,2026-03-17,2026-03-30,Completed,BASE-5,BASE-10
OPERATION-705,AIRCRAFT-446,Mission,2026-03-17,2026-03-21,Completed,BASE-10,BASE-2
OPERATION-706,AIRCRAFT-197,Mission,2026-03-17,2026-03-26,In Progress,BASE-4,BASE-10
OPERATION-707,AIRCRAFT-305,Test,2026-03-17,2026-03-23,Planned,BASE-6,BASE-7
OPERATION-708,AIRCRAFT-230,Mission,2026-03-17,2026-03-26,Completed,BASE-8,BASE-4
OPERATION-709,AIRCRAFT-376,Mission,2026-03-17,2026-04-01,Planned,BASE-1,BASE-2
OPERATION-71,AIRCRAFT-212,Test,2026-02-02,2026-02-13,Planned,BASE-2,BASE-6
OPERATION-710,AIRCRAFT-61,Mission,2026-03-17,2026-03-20,Planned,BASE-9,BASE-2
OPERATION-711,AIRCRAFT-301,Test,2026-03-17,2026-03-20,Planned,BASE-8,BASE-5
OPERATION-712,AIRCRAFT-490,Mission,2026-03-17,2026-03-25,Planned,BASE-3,BASE-1
OPERATION-713,AIRCRAFT-401,Test,2026-03-17,2026-03-26,In Progress,BASE-7,BASE-2
OPERATION-714,AIRCRAFT-134,Mission,2026-03-17,2026-03-20,Planned,BASE-3,BASE-6
OPERATION-715,AIRCRAFT-477,Test,2026-03-17,2026-03-28,In Progress,BASE-2,BASE-6
OPERATION-716,AIRCRAFT-248,Mission,2026-03-17,2026-03-27,In Progress,BASE-7,BASE-8
OPERATION-717,AIRCRAFT-429,Test,2026-03-17,2026-03-25,In Progress,BASE-7,BASE-3
OPERATION-718,AIRCRAFT-21,Test,2026-03-17,2026-03-20,Completed,BASE-1,BASE-3
OPERATION-719,AIRCRAFT-46,Test,2026-03-17,2026-03-20,In Progress,BASE-10,BASE-8
OPERATION-72,AIRCRAFT-43,Test,2026-02-02,2026-02-15,Planned,BASE-4,BASE-3
OPERATION-720,AIRCRAFT-424,Training,2026-03-17,2026-03-22,Completed,BASE-1,BASE-3
OPERATION-721,AIRCRAFT-75,Mission,2026-03-17,2026-04-01,In Progress,BASE-8,BASE-1
OPERATION-722,AIRCRAFT-317,Test,2026-03-17,2026-03-19,In Progress,BASE-1,BASE-9
OPERATION-723,AIRCRAFT-393,Test,2026-03-17,2026-03-24,Completed,BASE-10,BASE-2
OPERATION-724,AIRCRAFT-296,Training,2026-03-17,2026-03-30,In Progress,BASE-7,BASE-3
OPERATION-725,AIRCRAFT-106,Test,2026-03-17,2026-03-18,Planned,BASE-9,BASE-8
OPERATION-726,AIRCRAFT-235,Mission,2026-03-18,2026-04-02,In Progress,BASE-6,BASE-4
OPERATION-727,AIRCRAFT-325,Mission,2026-03-18,2026-03-28,Completed,BASE-4,BASE-9
OPERATION-728,AIRCRAFT-441,Mission,2026-03-18,2026-03-30,Planned,BASE-8,BASE-8
OPERATION-729,AIRCRAFT-170,Training,2026-03-18,2026-04-01,In Progress,BASE-6,BASE-2
OPERATION-73,AIRCRAFT-319,Mission,2026-02-02,2026-02-07,Planned,BASE-6,BASE-7
OPERATION-730,AIRCRAFT-113,Mission,2026-03-18,2026-04-02,In Progress,BASE-7,BASE-1
OPERATION-731,AIRCRAFT-174,Test,2026-03-18,2026-03-18,Completed,BASE-5,BASE-9
OPERATION-732,AIRCRAFT-491,Training,2026-03-18,2026-03-24,In Progress,BASE-1,BASE-4
OPERATION-733,AIRCRAFT-38,Test,2026-03-18,2026-04-01,Completed,BASE-10,BASE-8
OPERATION-734,AIRCRAFT-49,Mission,2026-03-18,2026-03-29,Planned,BASE-4,BASE-1
OPERATION-735,AIRCRAFT-400,Test,2026-03-18,2026-03-28,In Progress,BASE-9,BASE-9
OPERATION-736,AIRCRAFT-190,Mission,2026-03-18,2026-03-29,Planned,BASE-8,BASE-3
OPERATION-737,AIRCRAFT-195,Training,2026-03-18,2026-03-31,Completed,BASE-4,BASE-4
OPERATION-738,AIRCRAFT-445,Mission,2026-03-18,2026-03-21,In Progress,BASE-4,BASE-6
OPERATION-739,AIRCRAFT-47,Mission,2026-03-18,2026-03-21,Completed,BASE-10,BASE-2
OPERATION-74,AIRCRAFT-244,Mission,2026-02-02,2026-02-09,Completed,BASE-2,BASE-7
OPERATION-740,AIRCRAFT-55,Test,2026-03-18,2026-04-01,Completed,BASE-9,BASE-3
OPERATION-741,AIRCRAFT-102,Test,2026-03-18,2026-04-02,Completed,BASE-1,BASE-9
OPERATION-742,AIRCRAFT-78,Test,2026-03-18,2026-03-31,Planned,BASE-10,BASE-3
OPERATION-743,AIRCRAFT-196,Training,2026-03-18,2026-03-22,Completed,BASE-10,BASE-10
OPERATION-744,AIRCRAFT-440,Training,2026-03-18,2026-03-28,Completed,BASE-4,BASE-5
OPERATION-745,AIRCRAFT-80,Training,2026-03-18,2026-03-30,In Progress,BASE-8,BASE-3
OPERATION-746,AIRCRAFT-270,Test,2026-03-18,2026-03-22,Completed,BASE-9,BASE-5
OPERATION-747,AIRCRAFT-412,Test,2026-03-18,2026-03-28,Completed,BASE-4,BASE-4
OPERATION-748,AIRCRAFT-369,Test,2026-03-18,2026-03-24,In Progress,BASE-6,BASE-3
OPERATION-749,AIRCRAFT-311,Test,2026-03-18,2026-03-23,Completed,BASE-6,BASE-2
OPERATION-75,AIRCRAFT-35,Mission,2026-02-02,2026-02-03,Planned,BASE-8,BASE-6
OPERATION-750,AIRCRAFT-346,Training,2026-03-18,2026-03-29,Completed,BASE-10,BASE-7
OPERATION-751,AIRCRAFT-500,Training,2026-03-18,2026-03-27,Planned,BASE-9,BASE-2
OPERATION-752,AIRCRAFT-261,Mission,2026-03-18,2026-03-18,Planned,BASE-1,BASE-4
OPERATION-753,AIRCRAFT-447,Mission,2026-03-18,2026-03-26,In Progress,BASE-5,BASE-3
OPERATION-754,AIRCRAFT-402,Training,2026-03-19,2026-03-20,Planned,BASE-9,BASE-1
OPERATION-755,AIRCRAFT-474,Training,2026-03-19,2026-03-30,Planned,BASE-10,BASE-9
OPERATION-756,AIRCRAFT-430,Test,2026-03-19,2026-03-26,Completed,BASE-7,BASE-4
OPERATION-757,AIRCRAFT-404,Test,2026-03-19,2026-03-28,Planned,BASE-7,BASE-7
OPERATION-758,AIRCRAFT-93,Test,2026-03-19,2026-04-01,In Progress,BASE-9,BASE-1
OPERATION-759,AIRCRAFT-433,Training,2026-03-19,2026-03-19,Planned,BASE-10,BASE-8
OPERATION-76,AIRCRAFT-94,Mission,2026-02-02,2026-02-11,Planned,BASE-1,BASE-4
OPERATION-760,AIRCRAFT-73,Test,2026-03-19,2026-03-26,Completed,BASE-6,BASE-10
OPERATION-761,AIRCRAFT-457,Test,2026-03-19,2026-03-25,Planned,BASE-5,BASE-8
OPERATION-762,AIRCRAFT-4,Mission,2026-03-19,2026-03-24,Planned,BASE-3,BASE-9
OPERATION-763,AIRCRAFT-26,Mission,2026-03-19,2026-03-22,In Progress,BASE-5,BASE-9
OPERATION-764,AIRCRAFT-15,Mission,2026-03-19,2026-03-27,Completed,BASE-5,BASE-1
OPERATION-765,AIRCRAFT-294,Test,2026-03-19,2026-03-29,Planned,BASE-1,BASE-3
OPERATION-766,AIRCRAFT-362,Mission,2026-03-19,2026-03-29,Completed,BASE-10,BASE-5
OPERATION-767,AIRCRAFT-48,Test,2026-03-19,2026-04-03,Completed,BASE-6,BASE-2
OPERATION-768,AIRCRAFT-333,Mission,2026-03-19,2026-03-29,Planned,BASE-9,BASE-2
OPERATION-769,AIRCRAFT-275,Test,2026-03-19,2026-03-24,Completed,BASE-7,BASE-2
OPERATION-77,AIRCRAFT-250,Mission,2026-02-03,2026-02-13,In Progress,BASE-6,BASE-9
OPERATION-770,AIRCRAFT-201,Mission,2026-03-19,2026-03-30,Completed,BASE-6,BASE-6
OPERATION-771,AIRCRAFT-234,Mission,2026-03-19,2026-03-30,Completed,BASE-9,BASE-8
OPERATION-772,AIRCRAFT-144,Test,2026-03-19,2026-03-19,In Progress,BASE-8,BASE-4
OPERATION-773,AIRCRAFT-119,Test,2026-03-19,2026-03-26,In Progress,BASE-7,BASE-2
OPERATION-774,AIRCRAFT-220,Test,2026-03-19,2026-03-31,Completed,BASE-5,BASE-1
OPERATION-775,AIRCRAFT-341,Test,2026-03-19,2026-03-30,In Progress,BASE-8,BASE-1
OPERATION-776,AIRCRAFT-410,Mission,2026-03-19,2026-03-28,In Progress,BASE-9,BASE-2
OPERATION-777,AIRCRAFT-172,Test,2026-03-19,2026-03-22,Completed,BASE-1,BASE-2
OPERATION-778,AIRCRAFT-42,Test,2026-03-19,2026-03-25,Planned,BASE-7,BASE-2
OPERATION-779,AIRCRAFT-355,Test,2026-03-19,2026-03-25,Completed,BASE-7,BASE-2
OPERATION-78,AIRCRAFT-468,Test,2026-02-03,2026-02-15,In Progress,BASE-1,BASE-2
OPERATION-780,AIRCRAFT-109,Training,2026-03-19,2026-03-23,Completed,BASE-6,BASE-1
OPERATION-781,AIRCRAFT-127,Mission,2026-03-20,2026-03-22,In Progress,BASE-9,BASE-2
OPERATION-782,AIRCRAFT-223,Training,2026-03-20,2026-03-27,In Progress,BASE-8,BASE-7
OPERATION-783,AIRCRAFT-246,Mission,2026-03-20,2026-04-02,In Progress,BASE-2,BASE-9
OPERATION-784,AIRCRAFT-138,Test,2026-03-21,2026-03-23,Planned,BASE-6,BASE-9
OPERATION-785,AIRCRAFT-351,Test,2026-03-22,2026-03-31,Planned,BASE-5,BASE-8
OPERATION-786,AIRCRAFT-436,Test,2026-03-22,2026-04-03,Planned,BASE-8,BASE-3
OPERATION-787,AIRCRAFT-214,Test,2026-03-22,2026-03-29,In Progress,BASE-9,BASE-5
OPERATION-788,AIRCRAFT-350,Test,2026-03-22,2026-03-26,Completed,BASE-6,BASE-1
OPERATION-789,AIRCRAFT-178,Mission,2026-03-23,2026-03-27,Planned,BASE-10,BASE-10
OPERATION-79,AIRCRAFT-197,Test,2026-02-03,2026-02-11,In Progress,BASE-1,BASE-2
OPERATION-790,AIRCRAFT-476,Test,2026-03-23,2026-04-04,Planned,BASE-5,BASE-4
OPERATION-791,AIRCRAFT-245,Training,2026-03-23,2026-04-03,Completed,BASE-9,BASE-3
OPERATION-792,AIRCRAFT-225,Mission,2026-03-23,2026-03-28,Completed,BASE-5,BASE-4
OPERATION-793,AIRCRAFT-221,Test,2026-03-23,2026-03-26,Completed,BASE-1,BASE-9
OPERATION-794,AIRCRAFT-492,Mission,2026-03-23,2026-04-06,In Progress,BASE-2,BASE-5
OPERATION-795,AIRCRAFT-24,Test,2026-03-23,2026-03-26,Completed,BASE-8,BASE-6
OPERATION-796,AIRCRAFT-182,Test,2026-03-23,2026-04-03,Completed,BASE-4,BASE-2
OPERATION-797,AIRCRAFT-95,Mission,2026-03-23,2026-04-01,Planned,BASE-6,BASE-8
OPERATION-798,AIRCRAFT-33,Test,2026-03-23,2026-04-06,Completed,BASE-5,BASE-10
OPERATION-799,AIRCRAFT-58,Test,2026-03-23,2026-03-27,In Progress,BASE-6,BASE-7
OPERATION-8,AIRCRAFT-478,Mission,2026-01-31,2026-02-08,Completed,BASE-8,BASE-9
OPERATION-80,AIRCRAFT-287,Test,2026-02-03,2026-02-16,In Progress,BASE-7,BASE-10
OPERATION-800,AIRCRAFT-100,Training,2026-03-23,2026-03-28,Planned,BASE-4,BASE-7
OPERATION-801,AIRCRAFT-352,Mission,2026-03-23,2026-03-31,Completed,BASE-6,BASE-8
OPERATION-802,AIRCRAFT-416,Training,2026-03-23,2026-04-06,In Progress,BASE-8,BASE-9
OPERATION-803,AIRCRAFT-219,Test,2026-03-23,2026-03-26,Completed,BASE-2,BASE-5
OPERATION-804,AIRCRAFT-494,Mission,2026-03-23,2026-03-27,In Progress,BASE-2,BASE-2
OPERATION-805,AIRCRAFT-466,Test,2026-03-23,2026-03-23,Planned,BASE-10,BASE-10
OPERATION-806,AIRCRAFT-84,Mission,2026-03-23,2026-04-04,Planned,BASE-9,BASE-5
OPERATION-807,AIRCRAFT-203,Training,2026-03-24,2026-04-08,In Progress,BASE-4,BASE-10
OPERATION-808,AIRCRAFT-191,Training,2026-03-24,2026-04-02,Completed,BASE-9,BASE-2
OPERATION-809,AIRCRAFT-356,Test,2026-03-24,2026-04-05,Planned,BASE-4,BASE-10
OPERATION-81,AIRCRAFT-309,Test,2026-02-03,2026-02-06,Planned,BASE-5,BASE-1
OPERATION-810,AIRCRAFT-467,Mission,2026-03-24,2026-03-29,In Progress,BASE-3,BASE-3
OPERATION-811,AIRCRAFT-448,Training,2026-03-24,2026-03-28,Planned,BASE-4,BASE-8
OPERATION-812,AIRCRAFT-141,Training,2026-03-24,2026-03-31,In Progress,BASE-4,BASE-1
OPERATION-813,AIRCRAFT-478,Training,2026-03-24,2026-03-30,In Progress,BASE-8,BASE-8
OPERATION-814,AIRCRAFT-125,Test,2026-03-24,2026-03-25,In Progress,BASE-2,BASE-9
OPERATION-815,AIRCRAFT-288,Test,2026-03-24,2026-04-01,Completed,BASE-10,BASE-3
OPERATION-816,AIRCRAFT-370,Training,2026-03-24,2026-04-05,Completed,BASE-2,BASE-9
OPERATION-817,AIRCRAFT-37,Mission,2026-03-24,2026-04-01,Completed,BASE-7,BASE-6
OPERATION-818,AIRCRAFT-455,Training,2026-03-24,2026-04-04,Completed,BASE-1,BASE-9
OPERATION-819,AIRCRAFT-419,Mission,2026-03-24,2026-03-28,Planned,BASE-2,BASE-9
OPERATION-82,AIRCRAFT-1,Test,2026-02-03,2026-02-16,Completed,BASE-4,BASE-6
OPERATION-820,AIRCRAFT-258,Mission,2026-03-24,2026-04-01,Planned,BASE-3,BASE-6
OPERATION-821,AIRCRAFT-269,Training,2026-03-24,2026-03-27,In Progress,BASE-2,BASE-8
OPERATION-822,AIRCRAFT-454,Mission,2026-03-24,2026-04-08,Completed,BASE-3,BASE-7
OPERATION-823,AIRCRAFT-278,Mission,2026-03-24,2026-03-24,Planned,BASE-10,BASE-10
OPERATION-824,AIRCRAFT-199,Test,2026-03-24,2026-03-29,Completed,BASE-1,BASE-10
OPERATION-825,AIRCRAFT-226,Training,2026-03-25,2026-03-26,Planned,BASE-9,BASE-7
OPERATION-826,AIRCRAFT-309,Mission,2026-03-25,2026-03-25,Planned,BASE-8,BASE-10
OPERATION-827,AIRCRAFT-463,Mission,2026-03-25,2026-04-09,Planned,BASE-7,BASE-10
OPERATION-828,AIRCRAFT-99,Mission,2026-03-25,2026-03-29,Completed,BASE-9,BASE-5
OPERATION-829,AIRCRAFT-353,Training,2026-03-25,2026-03-30,Completed,BASE-10,BASE-2
OPERATION-83,AIRCRAFT-136,Test,2026-02-03,2026-02-16,In Progress,BASE-10,BASE-6
OPERATION-830,AIRCRAFT-375,Mission,2026-03-26,2026-04-07,Planned,BASE-1,BASE-4
OPERATION-831,AIRCRAFT-204,Test,2026-03-26,2026-04-08,Planned,BASE-3,BASE-8
OPERATION-832,AIRCRAFT-498,Test,2026-03-26,2026-03-27,Planned,BASE-2,BASE-8
OPERATION-833,AIRCRAFT-56,Mission,2026-03-26,2026-03-30,Completed,BASE-7,BASE-9
OPERATION-834,AIRCRAFT-363,Mission,2026-03-26,2026-04-08,Completed,BASE-9,BASE-7
OPERATION-835,AIRCRAFT-452,Training,2026-03-26,2026-04-02,In Progress,BASE-10,BASE-10
OPERATION-836,AIRCRAFT-407,Mission,2026-03-26,2026-03-29,In Progress,BASE-8,BASE-4
OPERATION-837,AIRCRAFT-302,Test,2026-03-26,2026-03-28,Completed,BASE-7,BASE-5
OPERATION-838,AIRCRAFT-104,Test,2026-03-27,2026-03-27,Completed,BASE-2,BASE-9
OPERATION-839,AIRCRAFT-36,Test,2026-03-27,2026-03-27,Planned,BASE-6,BASE-7
OPERATION-84,AIRCRAFT-496,Training,2026-02-03,2026-02-06,Completed,BASE-5,BASE-7
OPERATION-840,AIRCRAFT-166,Mission,2026-03-27,2026-04-07,In Progress,BASE-10,BASE-5
OPERATION-841,AIRCRAFT-493,Training,2026-03-27,2026-04-04,Completed,BASE-6,BASE-10
OPERATION-842,AIRCRAFT-384,Mission,2026-03-27,2026-04-04,In Progress,BASE-9,BASE-9
OPERATION-843,AIRCRAFT-218,Training,2026-03-27,2026-04-11,Completed,BASE-9,BASE-8
OPERATION-844,AIRCRAFT-314,Test,2026-03-27,2026-04-04,In Progress,BASE-7,BASE-3
OPERATION-845,AIRCRAFT-255,Training,2026-03-28,2026-03-31,Completed,BASE-3,BASE-2
OPERATION-846,AIRCRAFT-462,Training,2026-03-28,2026-04-03,In Progress,BASE-9,BASE-10
OPERATION-847,AIRCRAFT-205,Training,2026-03-28,2026-03-29,Completed,BASE-1,BASE-2
OPERATION-848,AIRCRAFT-43,Test,2026-03-28,2026-04-01,In Progress,BASE-2,BASE-2
OPERATION-849,AIRCRAFT-252,Training,2026-03-28,2026-04-05,Planned,BASE-10,BASE-1
OPERATION-85,AIRCRAFT-320,Test,2026-02-03,2026-02-13,In Progress,BASE-9,BASE-3
OPERATION-850,AIRCRAFT-385,Test,2026-03-28,2026-04-09,Completed,BASE-9,BASE-5
OPERATION-851,AIRCRAFT-213,Test,2026-03-28,2026-03-29,In Progress,BASE-8,BASE-1
OPERATION-852,AIRCRAFT-480,Training,2026-03-28,2026-04-03,Planned,BASE-1,BASE-10
OPERATION-853,AIRCRAFT-210,Test,2026-03-28,2026-04-04,Planned,BASE-6,BASE-4
OPERATION-854,AIRCRAFT-200,Mission,2026-03-28,2026-03-28,In Progress,BASE-7,BASE-6
OPERATION-855,AIRCRAFT-390,Test,2026-03-28,2026-04-09,Planned,BASE-9,BASE-1
OPERATION-856,AIRCRAFT-155,Test,2026-03-28,2026-03-30,In Progress,BASE-9,BASE-10
OPERATION-857,AIRCRAFT-340,Training,2026-03-28,2026-04-08,Planned,BASE-10,BASE-4
OPERATION-858,AIRCRAFT-392,Test,2026-03-28,2026-04-11,Planned,BASE-5,BASE-3
OPERATION-859,AIRCRAFT-482,Mission,2026-03-28,2026-04-10,Completed,BASE-2,BASE-9
OPERATION-86,AIRCRAFT-331,Test,2026-02-03,2026-02-09,In Progress,BASE-3,BASE-10
OPERATION-860,AIRCRAFT-337,Mission,2026-03-28,2026-04-06,Completed,BASE-5,BASE-9
OPERATION-861,AIRCRAFT-423,Training,2026-03-28,2026-04-05,Completed,BASE-8,BASE-4
OPERATION-862,AIRCRAFT-437,Test,2026-03-28,2026-04-07,In Progress,BASE-10,BASE-1
OPERATION-863,AIRCRAFT-171,Training,2026-03-28,2026-04-12,Planned,BASE-7,BASE-4
OPERATION-864,AIRCRAFT-323,Training,2026-03-28,2026-04-04,In Progress,BASE-9,BASE-9
OPERATION-865,AIRCRAFT-287,Mission,2026-03-28,2026-03-28,In Progress,BASE-2,BASE-7
OPERATION-866,AIRCRAFT-147,Test,2026-03-28,2026-04-07,Planned,BASE-8,BASE-6
OPERATION-867,AIRCRAFT-260,Test,2026-03-28,2026-04-08,In Progress,BASE-3,BASE-4
OPERATION-868,AIRCRAFT-247,Mission,2026-03-28,2026-04-12,Completed,BASE-4,BASE-5
OPERATION-869,AIRCRAFT-27,Mission,2026-03-28,2026-04-03,Planned,BASE-10,BASE-6
OPERATION-87,AIRCRAFT-322,Test,2026-02-03,2026-02-12,Planned,BASE-5,BASE-5
OPERATION-870,AIRCRAFT-167,Mission,2026-03-28,2026-04-01,Planned,BASE-8,BASE-10
OPERATION-871,AIRCRAFT-74,Mission,2026-03-28,2026-03-28,In Progress,BASE-6,BASE-10
OPERATION-872,AIRCRAFT-489,Test,2026-03-28,2026-04-07,In Progress,BASE-8,BASE-3
OPERATION-873,AIRCRAFT-399,Mission,2026-03-29,2026-04-06,Completed,BASE-3,BASE-1
OPERATION-874,AIRCRAFT-472,Test,2026-03-29,2026-04-11,Planned,BASE-9,BASE-6
OPERATION-875,AIRCRAFT-23,Training,2026-03-29,2026-04-10,Planned,BASE-9,BASE-8
OPERATION-876,AIRCRAFT-107,Mission,2026-03-29,2026-04-08,Completed,BASE-4,BASE-7
OPERATION-877,AIRCRAFT-342,Training,2026-03-29,2026-04-01,Completed,BASE-5,BASE-3
OPERATION-878,AIRCRAFT-28,Training,2026-03-29,2026-04-06,In Progress,BASE-10,BASE-6
OPERATION-879,AIRCRAFT-239,Training,2026-03-29,2026-04-09,In Progress,BASE-4,BASE-7
OPERATION-88,AIRCRAFT-338,Test,2026-02-03,2026-02-09,Completed,BASE-6,BASE-8
OPERATION-880,AIRCRAFT-383,Training,2026-03-29,2026-04-09,In Progress,BASE-8,BASE-3
OPERATION-881,AIRCRAFT-276,Mission,2026-03-29,2026-04-02,Completed,BASE-5,BASE-4
OPERATION-882,AIRCRAFT-398,Mission,2026-03-29,2026-04-11,Planned,BASE-3,BASE-8
OPERATION-883,AIRCRAFT-233,Training,2026-03-29,2026-03-29,In Progress,BASE-3,BASE-9
OPERATION-884,AIRCRAFT-51,Training,2026-03-29,2026-04-08,In Progress,BASE-9,BASE-10
OPERATION-885,AIRCRAFT-415,Mission,2026-03-29,2026-03-30,Completed,BASE-3,BASE-1
OPERATION-886,AIRCRAFT-299,Training,2026-03-29,2026-04-04,Completed,BASE-2,BASE-8
OPERATION-887,AIRCRAFT-303,Training,2026-03-29,2026-04-08,In Progress,BASE-9,BASE-9
OPERATION-888,AIRCRAFT-373,Mission,2026-03-29,2026-04-06,In Progress,BASE-2,BASE-6
OPERATION-889,AIRCRAFT-96,Mission,2026-03-29,2026-04-04,In Progress,BASE-6,BASE-6
OPERATION-89,AIRCRAFT-345,Test,2026-02-03,2026-02-17,Planned,BASE-9,BASE-8
OPERATION-890,AIRCRAFT-469,Mission,2026-03-29,2026-04-13,In Progress,BASE-10,BASE-5
OPERATION-891,AIRCRAFT-20,Mission,2026-03-29,2026-04-12,Completed,BASE-6,BASE-7
OPERATION-892,AIRCRAFT-146,Mission,2026-03-29,2026-04-10,Planned,BASE-6,BASE-4
OPERATION-893,AIRCRAFT-349,Test,2026-03-29,2026-04-08,In Progress,BASE-5,BASE-10
OPERATION-894,AIRCRAFT-313,Training,2026-03-29,2026-04-10,In Progress,BASE-10,BASE-9
OPERATION-895,AIRCRAFT-444,Mission,2026-03-29,2026-04-12,Planned,BASE-1,BASE-3
OPERATION-896,AIRCRAFT-3,Test,2026-03-29,2026-04-05,Completed,BASE-2,BASE-4
OPERATION-897,AIRCRAFT-428,Mission,2026-03-29,2026-04-03,Planned,BASE-2,BASE-8
OPERATION-898,AIRCRAFT-12,Training,2026-03-30,2026-03-31,Completed,BASE-2,BASE-2
OPERATION-899,AIRCRAFT-211,Mission,2026-03-30,2026-04-07,Completed,BASE-7,BASE-5
OPERATION-9,AIRCRAFT-81,Training,2026-01-31,2026-02-03,Planned,BASE-9,BASE-5
OPERATION-90,AIRCRAFT-467,Mission,2026-02-04,2026-02-09,In Progress,BASE-9,BASE-10
OPERATION-900,AIRCRAFT-29,Test,2026-03-30,2026-04-06,In Progress,BASE-8,BASE-3
OPERATION-901,AIRCRAFT-83,Mission,2026-03-30,2026-04-03,Planned,BASE-1,BASE-6
OPERATION-902,AIRCRAFT-499,Training,2026-03-30,2026-04-09,Completed,BASE-5,BASE-9
OPERATION-903,AIRCRAFT-192,Test,2026-03-30,2026-04-13,Completed,BASE-3,BASE-10
OPERATION-904,AIRCRAFT-456,Test,2026-03-30,2026-04-13,Completed,BASE-9,BASE-5
OPERATION-905,AIRCRAFT-6,Test,2026-03-30,2026-04-10,Planned,BASE-2,BASE-8
OPERATION-906,AIRCRAFT-39,Training,2026-03-30,2026-04-08,In Progress,BASE-3,BASE-5
OPERATION-907,AIRCRAFT-1,Test,2026-03-30,2026-03-30,Planned,BASE-6,BASE-5
OPERATION-908,AIRCRAFT-110,Test,2026-03-30,2026-04-14,In Progress,BASE-8,BASE-5
OPERATION-909,AIRCRAFT-459,Training,2026-03-30,2026-03-30,Completed,BASE-4,BASE-1
OPERATION-91,AIRCRAFT-150,Mission,2026-02-04,2026-02-14,Completed,BASE-5,BASE-4
OPERATION-910,AIRCRAFT-250,Training,2026-03-30,2026-04-10,Completed,BASE-7,BASE-7
OPERATION-911,AIRCRAFT-228,Test,2026-03-30,2026-04-06,Completed,BASE-7,BASE-7
OPERATION-912,AIRCRAFT-31,Mission,2026-03-30,2026-04-06,In Progress,BASE-4,BASE-9
OPERATION-913,AIRCRAFT-327,Test,2026-03-30,2026-04-07,Completed,BASE-9,BASE-5
OPERATION-914,AIRCRAFT-253,Mission,2026-03-30,2026-04-12,Planned,BASE-3,BASE-5
OPERATION-915,AIRCRAFT-50,Test,2026-03-30,2026-04-02,In Progress,BASE-5,BASE-10
OPERATION-916,AIRCRAFT-345,Mission,2026-03-31,2026-04-06,Planned,BASE-1,BASE-9
OPERATION-917,AIRCRAFT-242,Mission,2026-03-31,2026-03-31,In Progress,BASE-5,BASE-3
OPERATION-918,AIRCRAFT-108,Mission,2026-03-31,2026-04-14,Planned,BASE-3,BASE-1
OPERATION-919,AIRCRAFT-272,Training,2026-03-31,2026-04-15,In Progress,BASE-5,BASE-8
OPERATION-92,AIRCRAFT-184,Mission,2026-02-04,2026-02-10,Planned,BASE-4,BASE-8
OPERATION-920,AIRCRAFT-483,Test,2026-03-31,2026-04-11,Planned,BASE-6,BASE-2
OPERATION-921,AIRCRAFT-139,Training,2026-03-31,2026-04-04,In Progress,BASE-2,BASE-9
OPERATION-922,AIRCRAFT-241,Mission,2026-03-31,2026-04-15,In Progress,BASE-7,BASE-1
OPERATION-923,AIRCRAFT-298,Training,2026-03-31,2026-04-03,In Progress,BASE-4,BASE-1
OPERATION-924,AIRCRAFT-485,Test,2026-03-31,2026-04-06,Planned,BASE-9,BASE-4
OPERATION-925,AIRCRAFT-414,Test,2026-03-31,2026-04-15,In Progress,BASE-6,BASE-3
OPERATION-926,AIRCRAFT-86,Mission,2026-03-31,2026-04-01,In Progress,BASE-8,BASE-5
OPERATION-927,AIRCRAFT-389,Mission,2026-03-31,2026-04-06,Completed,BASE-4,BASE-2
OPERATION-928,AIRCRAFT-461,Training,2026-03-31,2026-04-07,Planned,BASE-3,BASE-5
OPERATION-929,AIRCRAFT-422,Mission,2026-03-31,2026-04-03,Planned,BASE-1,BASE-10
OPERATION-93,AIRCRAFT-357,Training,2026-02-04,2026-02-06,Completed,BASE-10,BASE-4
OPERATION-930,AIRCRAFT-215,Training,2026-03-31,2026-04-15,Planned,BASE-4,BASE-3
OPERATION-931,AIRCRAFT-161,Test,2026-03-31,2026-04-15,Completed,BASE-6,BASE-1
OPERATION-932,AIRCRAFT-207,Test,2026-04-01,2026-04-12,Completed,BASE-2,BASE-3
OPERATION-933,AIRCRAFT-281,Training,2026-04-01,2026-04-16,Completed,BASE-6,BASE-8
OPERATION-934,AIRCRAFT-114,Test,2026-04-02,2026-04-08,In Progress,BASE-6,BASE-3
OPERATION-935,AIRCRAFT-128,Training,2026-04-02,2026-04-10,Completed,BASE-8,BASE-9
OPERATION-936,AIRCRAFT-484,Test,2026-04-02,2026-04-11,In Progress,BASE-4,BASE-10
OPERATION-937,AIRCRAFT-487,Training,2026-04-02,2026-04-07,In Progress,BASE-8,BASE-5
OPERATION-938,AIRCRAFT-148,Test,2026-04-02,2026-04-07,Planned,BASE-8,BASE-5
OPERATION-939,AIRCRAFT-488,Training,2026-04-02,2026-04-10,In Progress,BASE-1,BASE-9
OPERATION-94,AIRCRAFT-381,Training,2026-02-04,2026-02-16,Planned,BASE-3,BASE-1
OPERATION-940,AIRCRAFT-230,Mission,2026-04-02,2026-04-14,Completed,BASE-6,BASE-10
OPERATION-941,AIRCRAFT-328,Test,2026-04-02,2026-04-09,Planned,BASE-9,BASE-7
OPERATION-942,AIRCRAFT-473,Test,2026-04-02,2026-04-08,In Progress,BASE-9,BASE-3
OPERATION-943,AIRCRAFT-330,Training,2026-04-02,2026-04-11,Completed,BASE-6,BASE-2
OPERATION-944,AIRCRAFT-474,Test,2026-04-02,2026-04-05,Planned,BASE-1,BASE-3
OPERATION-945,AIRCRAFT-122,Mission,2026-04-02,2026-04-07,Planned,BASE-8,BASE-4
OPERATION-946,AIRCRAFT-123,Test,2026-04-02,2026-04-05,Completed,BASE-7,BASE-8
OPERATION-947,AIRCRAFT-135,Training,2026-04-02,2026-04-10,Planned,BASE-10,BASE-2
OPERATION-948,AIRCRAFT-257,Test,2026-04-02,2026-04-02,In Progress,BASE-2,BASE-8
OPERATION-949,AIRCRAFT-366,Test,2026-04-02,2026-04-03,Completed,BASE-7,BASE-6
OPERATION-95,AIRCRAFT-87,Training,2026-02-04,2026-02-07,Planned,BASE-3,BASE-9
OPERATION-950,AIRCRAFT-97,Training,2026-04-02,2026-04-03,Completed,BASE-1,BASE-2
OPERATION-951,AIRCRAFT-156,Mission,2026-04-02,2026-04-11,Completed,BASE-2,BASE-2
OPERATION-952,AIRCRAFT-5,Training,2026-04-02,2026-04-09,Planned,BASE-4,BASE-9
OPERATION-953,AIRCRAFT-71,Test,2026-04-02,2026-04-09,Planned,BASE-9,BASE-9
OPERATION-954,AIRCRAFT-175,Test,2026-04-02,2026-04-15,Completed,BASE-6,BASE-8
OPERATION-955,AIRCRAFT-174,Mission,2026-04-02,2026-04-15,Planned,BASE-9,BASE-7
OPERATION-956,AIRCRAFT-212,Test,2026-04-02,2026-04-12,Completed,BASE-8,BASE-6
OPERATION-957,AIRCRAFT-65,Training,2026-04-02,2026-04-12,In Progress,BASE-7,BASE-7
OPERATION-958,AIRCRAFT-73,Mission,2026-04-03,2026-04-13,Completed,BASE-9,BASE-4
OPERATION-959,AIRCRAFT-477,Test,2026-04-03,2026-04-15,In Progress,BASE-6,BASE-8
OPERATION-96,AIRCRAFT-125,Test,2026-02-04,2026-02-18,Planned,BASE-2,BASE-8
OPERATION-960,AIRCRAFT-372,Mission,2026-04-03,2026-04-17,Completed,BASE-1,BASE-5
OPERATION-961,AIRCRAFT-45,Mission,2026-04-03,2026-04-03,In Progress,BASE-1,BASE-5
OPERATION-962,AIRCRAFT-248,Training,2026-04-03,2026-04-10,Planned,BASE-5,BASE-9
OPERATION-963,AIRCRAFT-160,Mission,2026-04-03,2026-04-07,In Progress,BASE-6,BASE-3
OPERATION-964,AIRCRAFT-286,Training,2026-04-03,2026-04-07,Completed,BASE-4,BASE-4
OPERATION-965,AIRCRAFT-311,Mission,2026-04-03,2026-04-11,Completed,BASE-7,BASE-10
OPERATION-966,AIRCRAFT-150,Test,2026-04-03,2026-04-09,In Progress,BASE-8,BASE-3
OPERATION-967,AIRCRAFT-64,Mission,2026-04-03,2026-04-18,Completed,BASE-5,BASE-1
OPERATION-968,AIRCRAFT-152,Mission,2026-04-03,2026-04-15,In Progress,BASE-6,BASE-7
OPERATION-969,AIRCRAFT-180,Mission,2026-04-03,2026-04-16,Completed,BASE-10,BASE-1
OPERATION-97,AIRCRAFT-364,Test,2026-02-04,2026-02-08,Completed,BASE-9,BASE-10
OPERATION-970,AIRCRAFT-134,Training,2026-04-03,2026-04-15,Completed,BASE-1,BASE-6
OPERATION-971,AIRCRAFT-335,Test,2026-04-03,2026-04-07,Completed,BASE-4,BASE-3
OPERATION-972,AIRCRAFT-381,Training,2026-04-03,2026-04-04,Completed,BASE-10,BASE-9
OPERATION-973,AIRCRAFT-263,Training,2026-04-03,2026-04-05,In Progress,BASE-7,BASE-3
OPERATION-974,AIRCRAFT-344,Mission,2026-04-03,2026-04-07,In Progress,BASE-10,BASE-1
OPERATION-975,AIRCRAFT-293,Mission,2026-04-03,2026-04-15,In Progress,BASE-9,BASE-7
OPERATION-976,AIRCRAFT-190,Training,2026-04-03,2026-04-07,Completed,BASE-4,BASE-8
OPERATION-977,AIRCRAFT-72,Mission,2026-04-03,2026-04-15,Completed,BASE-10,BASE-9
OPERATION-978,AIRCRAFT-280,Mission,2026-04-03,2026-04-10,In Progress,BASE-7,BASE-6
OPERATION-979,AIRCRAFT-178,Test,2026-04-03,2026-04-05,In Progress,BASE-7,BASE-6
OPERATION-98,AIRCRAFT-75,Training,2026-02-04,2026-02-14,Completed,BASE-9,BASE-7
OPERATION-980,AIRCRAFT-238,Training,2026-04-03,2026-04-14,In Progress,BASE-10,BASE-1
OPERATION-981,AIRCRAFT-222,Training,2026-04-03,2026-04-12,Completed,BASE-8,BASE-10
OPERATION-982,AIRCRAFT-425,Mission,2026-04-03,2026-04-07,Planned,BASE-4,BASE-6
OPERATION-983,AIRCRAFT-159,Mission,2026-04-03,2026-04-07,Completed,BASE-1,BASE-4
OPERATION-984,AIRCRAFT-32,Mission,2026-04-03,2026-04-07,In Progress,BASE-2,BASE-5
OPERATION-985,AIRCRAFT-115,Training,2026-04-04,2026-04-19,Planned,BASE-9,BASE-4
OPERATION-986,AIRCRAFT-61,Test,2026-04-04,2026-04-10,In Progress,BASE-9,BASE-8
OPERATION-987,AIRCRAFT-112,Training,2026-04-04,2026-04-08,Completed,BASE-9,BASE-1
OPERATION-988,AIRCRAFT-227,Mission,2026-04-04,2026-04-12,In Progress,BASE-4,BASE-10
OPERATION-989,AIRCRAFT-138,Training,2026-04-04,2026-04-12,Completed,BASE-1,BASE-2
OPERATION-99,AIRCRAFT-192,Test,2026-02-04,2026-02-18,In Progress,BASE-8,BASE-5
OPERATION-990,AIRCRAFT-308,Test,2026-04-04,2026-04-16,Completed,BASE-6,BASE-2
OPERATION-991,AIRCRAFT-325,Test,2026-04-04,2026-04-04,In Progress,BASE-4,BASE-7
OPERATION-992,AIRCRAFT-346,Training,2026-04-04,2026-04-07,Completed,BASE-9,BASE-2
OPERATION-993,AIRCRAFT-254,Test,2026-04-04,2026-04-09,In Progress,BASE-9,BASE-1
OPERATION-994,AIRCRAFT-294,Test,2026-04-04,2026-04-05,In Progress,BASE-6,BASE-8
OPERATION-995,AIRCRAFT-22,Mission,2026-04-04,2026-04-16,In Progress,BASE-6,BASE-6
OPERATION-996,AIRCRAFT-285,Test,2026-04-04,2026-04-13,In Progress,BASE-1,BASE-5
OPERATION-997,AIRCRAFT-121,Test,2026-04-04,2026-04-16,In Progress,BASE-4,BASE-3
OPERATION-998,AIRCRAFT-408,Test,2026-04-04,2026-04-14,Planned,BASE-2,BASE-7
OPERATION-999,AIRCRAFT-426,Mission,2026-04-04,2026-04-11,Completed,BASE-3,BASE-7
